geo_scheme,geo_version,geo_level,geo_code,name,country_code,parent_code
NUTS,2024,1,AL0,Shqipëria,AL,AL
NUTS,2024,2,AL01,Veri,AL,AL0
NUTS,2024,3,AL011,Dibër,AL,AL01
NUTS,2024,3,AL012,Durrës,AL,AL01
NUTS,2024,3,AL013,Kukës,AL,AL01
NUTS,2024,3,AL014,Lezhë,AL,AL01
NUTS,2024,3,AL015,Shkodër,AL,AL01
NUTS,2024,2,AL02,Qender,AL,AL0
NUTS,2024,3,AL021,Elbasan,AL,AL02
NUTS,2024,3,AL022,Tiranë,AL,AL02
NUTS,2024,2,AL03,Jug,AL,AL0
NUTS,2024,3,AL031,Berat,AL,AL03
NUTS,2024,3,AL032,Fier,AL,AL03
NUTS,2024,3,AL033,Gjirokastër,AL,AL03
NUTS,2024,3,AL034,Korcë,AL,AL03
NUTS,2024,3,AL035,Vlorë,AL,AL03
NUTS,2024,1,AT1,Ostösterreich,AT,AT
NUTS,2024,2,AT11,Burgenland,AT,AT1
NUTS,2024,3,AT111,Mittelburgenland,AT,AT11
NUTS,2024,3,AT112,Nordburgenland,AT,AT11
NUTS,2024,3,AT113,Südburgenland,AT,AT11
NUTS,2024,2,AT12,Niederösterreich,AT,AT1
NUTS,2024,3,AT121,Mostviertel-Eisenwurzen,AT,AT12
NUTS,2024,3,AT122,Niederösterreich-Süd,AT,AT12
NUTS,2024,3,AT123,Sankt Pölten,AT,AT12
NUTS,2024,3,AT124,Waldviertel,AT,AT12
NUTS,2024,3,AT125,Weinviertel,AT,AT12
NUTS,2024,3,AT126,Wiener Umland/Nordteil,AT,AT12
NUTS,2024,3,AT127,Wiener Umland/Südteil,AT,AT12
NUTS,2024,2,AT13,Wien,AT,AT1
NUTS,2024,3,AT130,Wien,AT,AT13
NUTS,2024,1,AT2,Südösterreich,AT,AT
NUTS,2024,2,AT21,Kärnten,AT,AT2
NUTS,2024,3,AT211,Klagenfurt-Villach,AT,AT21
NUTS,2024,3,AT212,Oberkärnten,AT,AT21
NUTS,2024,3,AT213,Unterkärnten,AT,AT21
NUTS,2024,2,AT22,Steiermark,AT,AT2
NUTS,2024,3,AT221,Graz,AT,AT22
NUTS,2024,3,AT222,Liezen,AT,AT22
NUTS,2024,3,AT223,Östliche Obersteiermark,AT,AT22
NUTS,2024,3,AT224,Oststeiermark,AT,AT22
NUTS,2024,3,AT225,West- und Südsteiermark,AT,AT22
NUTS,2024,3,AT226,Westliche Obersteiermark,AT,AT22
NUTS,2024,1,AT3,Westösterreich,AT,AT
NUTS,2024,2,AT31,Oberösterreich,AT,AT3
NUTS,2024,3,AT311,Innviertel,AT,AT31
NUTS,2024,3,AT312,Linz-Wels,AT,AT31
NUTS,2024,3,AT313,Mühlviertel,AT,AT31
NUTS,2024,3,AT314,Steyr-Kirchdorf,AT,AT31
NUTS,2024,3,AT315,Traunviertel,AT,AT31
NUTS,2024,2,AT32,Salzburg,AT,AT3
NUTS,2024,3,AT321,Lungau,AT,AT32
NUTS,2024,3,AT322,Pinzgau-Pongau,AT,AT32
NUTS,2024,3,AT323,Salzburg und Umgebung,AT,AT32
NUTS,2024,2,AT33,Tirol,AT,AT3
NUTS,2024,3,AT331,Außerfern,AT,AT33
NUTS,2024,3,AT332,Innsbruck,AT,AT33
NUTS,2024,3,AT333,Osttirol,AT,AT33
NUTS,2024,3,AT334,Tiroler Oberland,AT,AT33
NUTS,2024,3,AT335,Tiroler Unterland,AT,AT33
NUTS,2024,2,AT34,Vorarlberg,AT,AT3
NUTS,2024,3,AT341,Bludenz-Bregenzer Wald,AT,AT34
NUTS,2024,3,AT342,Rheintal-Bodenseegebiet,AT,AT34
NUTS,2024,1,BA0,Bosna I Hercegovina,BA,BA
NUTS,2024,2,BA01,Federacija Bosne i Hercegovine,BA,BA0
NUTS,2024,2,BA02,Republika Srpska,BA,BA0
NUTS,2024,2,BA03,Brčko District BiH,BA,BA0
NUTS,2024,1,BE1,Région de Bruxelles-Capitale/Brussels Hoofdstedelijk Gewest,BE,BE
NUTS,2024,2,BE10,Région de Bruxelles-Capitale/ Brussels Hoofdstedelijk Gewest,BE,BE1
NUTS,2024,3,BE100,Arr. de Bruxelles-Capitale/Arr. Brussel-Hoofdstad,BE,BE10
NUTS,2024,1,BE2,Vlaams Gewest,BE,BE
NUTS,2024,2,BE21,Prov. Antwerpen,BE,BE2
NUTS,2024,3,BE211,Arr. Antwerpen,BE,BE21
NUTS,2024,3,BE212,Arr. Mechelen,BE,BE21
NUTS,2024,3,BE213,Arr. Turnhout,BE,BE21
NUTS,2024,2,BE22,Prov. Limburg (BE),BE,BE2
NUTS,2024,3,BE223,Arr. Tongeren,BE,BE22
NUTS,2024,3,BE224,Arr. Hasselt,BE,BE22
NUTS,2024,3,BE225,Arr. Maaseik,BE,BE22
NUTS,2024,2,BE23,Prov. Oost-Vlaanderen,BE,BE2
NUTS,2024,3,BE231,Arr. Aalst,BE,BE23
NUTS,2024,3,BE232,Arr. Dendermonde,BE,BE23
NUTS,2024,3,BE233,Arr. Eeklo,BE,BE23
NUTS,2024,3,BE234,Arr. Gent,BE,BE23
NUTS,2024,3,BE235,Arr. Oudenaarde,BE,BE23
NUTS,2024,3,BE236,Arr. Sint-Niklaas,BE,BE23
NUTS,2024,2,BE24,Prov. Vlaams-Brabant,BE,BE2
NUTS,2024,3,BE241,Arr. Halle-Vilvoorde,BE,BE24
NUTS,2024,3,BE242,Arr. Leuven,BE,BE24
NUTS,2024,2,BE25,Prov. West-Vlaanderen,BE,BE2
NUTS,2024,3,BE251,Arr. Brugge,BE,BE25
NUTS,2024,3,BE252,Arr. Diksmuide,BE,BE25
NUTS,2024,3,BE253,Arr. Ieper,BE,BE25
NUTS,2024,3,BE254,Arr. Kortrijk,BE,BE25
NUTS,2024,3,BE255,Arr. Oostende,BE,BE25
NUTS,2024,3,BE256,Arr. Roeselare,BE,BE25
NUTS,2024,3,BE257,Arr. Tielt,BE,BE25
NUTS,2024,3,BE258,Arr. Veurne,BE,BE25
NUTS,2024,1,BE3,Région wallonne,BE,BE
NUTS,2024,2,BE31,Prov. Brabant wallon,BE,BE3
NUTS,2024,3,BE310,Arr. Nivelles,BE,BE31
NUTS,2024,2,BE32,Prov. Hainaut,BE,BE3
NUTS,2024,3,BE323,Arr. Mons,BE,BE32
NUTS,2024,3,BE328,Arr. Tournai-Mouscron,BE,BE32
NUTS,2024,3,BE329,Arr. La Louvière,BE,BE32
NUTS,2024,3,BE32A,Arr. Ath,BE,BE32
NUTS,2024,3,BE32B,Arr. Charleroi,BE,BE32
NUTS,2024,3,BE32C,Arr. Soignies,BE,BE32
NUTS,2024,3,BE32D,Arr. Thuin,BE,BE32
NUTS,2024,2,BE33,Prov. Liège,BE,BE3
NUTS,2024,3,BE331,Arr. Huy,BE,BE33
NUTS,2024,3,BE332,Arr. Liège,BE,BE33
NUTS,2024,3,BE334,Arr. Waremme,BE,BE33
NUTS,2024,3,BE335,Arr. Verviers — communes francophones,BE,BE33
NUTS,2024,3,BE336,Bezirk Verviers — Deutschsprachige Gemeinschaft,BE,BE33
NUTS,2024,2,BE34,Prov. Luxembourg (BE),BE,BE3
NUTS,2024,3,BE341,Arr. Arlon,BE,BE34
NUTS,2024,3,BE342,Arr. Bastogne,BE,BE34
NUTS,2024,3,BE343,Arr. Marche-en-Famenne,BE,BE34
NUTS,2024,3,BE344,Arr. Neufchâteau,BE,BE34
NUTS,2024,3,BE345,Arr. Virton,BE,BE34
NUTS,2024,2,BE35,Prov. Namur,BE,BE3
NUTS,2024,3,BE351,Arr. Dinant,BE,BE35
NUTS,2024,3,BE352,Arr. Namur,BE,BE35
NUTS,2024,3,BE353,Arr. Philippeville,BE,BE35
NUTS,2024,1,BG3,Severna i Yugoiztochna Bulgaria,BG,BG
NUTS,2024,2,BG31,Severozapaden,BG,BG3
NUTS,2024,3,BG311,Vidin,BG,BG31
NUTS,2024,3,BG312,Montana,BG,BG31
NUTS,2024,3,BG313,Vratsa,BG,BG31
NUTS,2024,3,BG314,Pleven,BG,BG31
NUTS,2024,3,BG315,Lovech,BG,BG31
NUTS,2024,2,BG32,Severen tsentralen,BG,BG3
NUTS,2024,3,BG321,Veliko Tarnovo,BG,BG32
NUTS,2024,3,BG322,Gabrovo,BG,BG32
NUTS,2024,3,BG323,Ruse,BG,BG32
NUTS,2024,3,BG324,Razgrad,BG,BG32
NUTS,2024,3,BG325,Silistra,BG,BG32
NUTS,2024,2,BG33,Severoiztochen,BG,BG3
NUTS,2024,3,BG331,Varna,BG,BG33
NUTS,2024,3,BG332,Dobrich,BG,BG33
NUTS,2024,3,BG333,Shumen,BG,BG33
NUTS,2024,3,BG334,Targovishte,BG,BG33
NUTS,2024,2,BG34,Yugoiztochen,BG,BG3
NUTS,2024,3,BG341,Burgas,BG,BG34
NUTS,2024,3,BG342,Sliven,BG,BG34
NUTS,2024,3,BG343,Yambol,BG,BG34
NUTS,2024,3,BG344,Stara Zagora,BG,BG34
NUTS,2024,1,BG4,Yugozapadna i Yuzhna tsentralna Bulgaria,BG,BG
NUTS,2024,2,BG41,Yugozapaden,BG,BG4
NUTS,2024,3,BG411,Sofia (stolitsa),BG,BG41
NUTS,2024,3,BG412,Sofia,BG,BG41
NUTS,2024,3,BG413,Blagoevgrad,BG,BG41
NUTS,2024,3,BG414,Pernik,BG,BG41
NUTS,2024,3,BG415,Kyustendil,BG,BG41
NUTS,2024,2,BG42,Yuzhen tsentralen,BG,BG4
NUTS,2024,3,BG421,Plovdiv,BG,BG42
NUTS,2024,3,BG422,Haskovo,BG,BG42
NUTS,2024,3,BG423,Pazardzhik,BG,BG42
NUTS,2024,3,BG424,Smolyan,BG,BG42
NUTS,2024,3,BG425,Kardzhali,BG,BG42
NUTS,2024,1,CH0,Schweiz/Suisse/Svizzera,CH,CH
NUTS,2024,2,CH01,Région lémanique,CH,CH0
NUTS,2024,3,CH011,Vaud,CH,CH01
NUTS,2024,3,CH012,Valais / Wallis,CH,CH01
NUTS,2024,3,CH013,Genève,CH,CH01
NUTS,2024,2,CH02,Espace Mittelland,CH,CH0
NUTS,2024,3,CH021,Bern / Berne,CH,CH02
NUTS,2024,3,CH022,Fribourg / Freiburg,CH,CH02
NUTS,2024,3,CH023,Solothurn,CH,CH02
NUTS,2024,3,CH024,Neuchâtel,CH,CH02
NUTS,2024,3,CH025,Jura,CH,CH02
NUTS,2024,2,CH03,Nordwestschweiz,CH,CH0
NUTS,2024,3,CH031,Basel-Stadt,CH,CH03
NUTS,2024,3,CH032,Basel-Landschaft,CH,CH03
NUTS,2024,3,CH033,Aargau,CH,CH03
NUTS,2024,2,CH04,Zürich,CH,CH0
NUTS,2024,3,CH040,Zürich,CH,CH04
NUTS,2024,2,CH05,Ostschweiz,CH,CH0
NUTS,2024,3,CH051,Glarus,CH,CH05
NUTS,2024,3,CH052,Schaffhausen,CH,CH05
NUTS,2024,3,CH053,Appenzell Ausserrhoden,CH,CH05
NUTS,2024,3,CH054,Appenzell Innerrhoden,CH,CH05
NUTS,2024,3,CH055,St. Gallen,CH,CH05
NUTS,2024,3,CH056,Graubünden / Grigioni / Grischun,CH,CH05
NUTS,2024,3,CH057,Thurgau,CH,CH05
NUTS,2024,2,CH06,Zentralschweiz,CH,CH0
NUTS,2024,3,CH061,Luzern,CH,CH06
NUTS,2024,3,CH062,Uri,CH,CH06
NUTS,2024,3,CH063,Schwyz,CH,CH06
NUTS,2024,3,CH064,Obwalden,CH,CH06
NUTS,2024,3,CH065,Nidwalden,CH,CH06
NUTS,2024,3,CH066,Zug,CH,CH06
NUTS,2024,2,CH07,Ticino,CH,CH0
NUTS,2024,3,CH070,Ticino,CH,CH07
NUTS,2024,1,CY0,Kýpros,CY,CY
NUTS,2024,2,CY00,Kýpros,CY,CY0
NUTS,2024,3,CY000,Kýpros,CY,CY00
NUTS,2024,1,CZ0,Česko,CZ,CZ
NUTS,2024,2,CZ01,Praha,CZ,CZ0
NUTS,2024,3,CZ010,Hlavní město Praha,CZ,CZ01
NUTS,2024,2,CZ02,Střední Čechy,CZ,CZ0
NUTS,2024,3,CZ020,Středočeský kraj,CZ,CZ02
NUTS,2024,2,CZ03,Jihozápad,CZ,CZ0
NUTS,2024,3,CZ031,Jihočeský kraj,CZ,CZ03
NUTS,2024,3,CZ032,Plzeňský kraj,CZ,CZ03
NUTS,2024,2,CZ04,Severozápad,CZ,CZ0
NUTS,2024,3,CZ041,Karlovarský kraj,CZ,CZ04
NUTS,2024,3,CZ042,Ústecký kraj,CZ,CZ04
NUTS,2024,2,CZ05,Severovýchod,CZ,CZ0
NUTS,2024,3,CZ051,Liberecký kraj,CZ,CZ05
NUTS,2024,3,CZ052,Královéhradecký kraj,CZ,CZ05
NUTS,2024,3,CZ053,Pardubický kraj,CZ,CZ05
NUTS,2024,2,CZ06,Jihovýchod,CZ,CZ0
NUTS,2024,3,CZ063,Kraj Vysočina,CZ,CZ06
NUTS,2024,3,CZ064,Jihomoravský kraj,CZ,CZ06
NUTS,2024,2,CZ07,Střední Morava,CZ,CZ0
NUTS,2024,3,CZ071,Olomoucký kraj,CZ,CZ07
NUTS,2024,3,CZ072,Zlínský kraj,CZ,CZ07
NUTS,2024,2,CZ08,Moravskoslezsko,CZ,CZ0
NUTS,2024,3,CZ080,Moravskoslezský kraj,CZ,CZ08
NUTS,2024,1,DE1,Baden-Württemberg,DE,DE
NUTS,2024,2,DE11,Stuttgart,DE,DE1
NUTS,2024,3,DE111,"Stuttgart, Stadtkreis",DE,DE11
NUTS,2024,3,DE112,Böblingen,DE,DE11
NUTS,2024,3,DE113,Esslingen,DE,DE11
NUTS,2024,3,DE114,Göppingen,DE,DE11
NUTS,2024,3,DE115,Ludwigsburg,DE,DE11
NUTS,2024,3,DE116,Rems-Murr-Kreis,DE,DE11
NUTS,2024,3,DE117,"Heilbronn, Stadtkreis",DE,DE11
NUTS,2024,3,DE118,"Heilbronn, Landkreis",DE,DE11
NUTS,2024,3,DE119,Hohenlohekreis,DE,DE11
NUTS,2024,3,DE11A,Schwäbisch Hall,DE,DE11
NUTS,2024,3,DE11B,Main-Tauber-Kreis,DE,DE11
NUTS,2024,3,DE11C,Heidenheim,DE,DE11
NUTS,2024,3,DE11D,Ostalbkreis,DE,DE11
NUTS,2024,2,DE12,Karlsruhe,DE,DE1
NUTS,2024,3,DE121,"Baden-Baden, Stadtkreis",DE,DE12
NUTS,2024,3,DE122,"Karlsruhe, Stadtkreis",DE,DE12
NUTS,2024,3,DE123,"Karlsruhe, Landkreis",DE,DE12
NUTS,2024,3,DE124,Rastatt,DE,DE12
NUTS,2024,3,DE125,"Heidelberg, Stadtkreis",DE,DE12
NUTS,2024,3,DE126,"Mannheim, Stadtkreis",DE,DE12
NUTS,2024,3,DE127,Neckar-Odenwald-Kreis,DE,DE12
NUTS,2024,3,DE128,Rhein-Neckar-Kreis,DE,DE12
NUTS,2024,3,DE129,"Pforzheim, Stadtkreis",DE,DE12
NUTS,2024,3,DE12A,Calw,DE,DE12
NUTS,2024,3,DE12B,Enzkreis,DE,DE12
NUTS,2024,3,DE12C,Freudenstadt,DE,DE12
NUTS,2024,2,DE13,Freiburg,DE,DE1
NUTS,2024,3,DE131,"Freiburg im Breisgau, Stadtkreis",DE,DE13
NUTS,2024,3,DE132,Breisgau-Hochschwarzwald,DE,DE13
NUTS,2024,3,DE133,Emmendingen,DE,DE13
NUTS,2024,3,DE134,Ortenaukreis,DE,DE13
NUTS,2024,3,DE135,Rottweil,DE,DE13
NUTS,2024,3,DE136,Schwarzwald-Baar-Kreis,DE,DE13
NUTS,2024,3,DE137,Tuttlingen,DE,DE13
NUTS,2024,3,DE138,Konstanz,DE,DE13
NUTS,2024,3,DE139,Lörrach,DE,DE13
NUTS,2024,3,DE13A,Waldshut,DE,DE13
NUTS,2024,2,DE14,Tübingen,DE,DE1
NUTS,2024,3,DE141,Reutlingen,DE,DE14
NUTS,2024,3,DE142,"Tübingen, Landkreis",DE,DE14
NUTS,2024,3,DE143,Zollernalbkreis,DE,DE14
NUTS,2024,3,DE144,"Ulm, Stadtkreis",DE,DE14
NUTS,2024,3,DE145,Alb-Donau-Kreis,DE,DE14
NUTS,2024,3,DE146,Biberach,DE,DE14
NUTS,2024,3,DE147,Bodenseekreis,DE,DE14
NUTS,2024,3,DE148,Ravensburg,DE,DE14
NUTS,2024,3,DE149,Sigmaringen,DE,DE14
NUTS,2024,1,DE2,Bayern,DE,DE
NUTS,2024,2,DE21,Oberbayern,DE,DE2
NUTS,2024,3,DE211,"Ingolstadt, Kreisfreie Stadt",DE,DE21
NUTS,2024,3,DE212,"München, Kreisfreie Stadt",DE,DE21
NUTS,2024,3,DE213,"Rosenheim, Kreisfreie Stadt",DE,DE21
NUTS,2024,3,DE214,Altötting,DE,DE21
NUTS,2024,3,DE215,Berchtesgadener Land,DE,DE21
NUTS,2024,3,DE216,Bad Tölz-Wolfratshausen,DE,DE21
NUTS,2024,3,DE217,Dachau,DE,DE21
NUTS,2024,3,DE218,Ebersberg,DE,DE21
NUTS,2024,3,DE219,Eichstätt,DE,DE21
NUTS,2024,3,DE21A,Erding,DE,DE21
NUTS,2024,3,DE21B,Freising,DE,DE21
NUTS,2024,3,DE21C,Fürstenfeldbruck,DE,DE21
NUTS,2024,3,DE21D,Garmisch-Partenkirchen,DE,DE21
NUTS,2024,3,DE21E,Landsberg am Lech,DE,DE21
NUTS,2024,3,DE21F,Miesbach,DE,DE21
NUTS,2024,3,DE21G,Mühldorf a. Inn,DE,DE21
NUTS,2024,3,DE21H,"München, Landkreis",DE,DE21
NUTS,2024,3,DE21I,Neuburg-Schrobenhausen,DE,DE21
NUTS,2024,3,DE21J,Pfaffenhofen a. d. Ilm,DE,DE21
NUTS,2024,3,DE21K,"Rosenheim, Landkreis",DE,DE21
NUTS,2024,3,DE21L,Starnberg,DE,DE21
NUTS,2024,3,DE21M,Traunstein,DE,DE21
NUTS,2024,3,DE21N,Weilheim-Schongau,DE,DE21
NUTS,2024,2,DE22,Niederbayern,DE,DE2
NUTS,2024,3,DE221,"Landshut, Kreisfreie Stadt",DE,DE22
NUTS,2024,3,DE222,"Passau, Kreisfreie Stadt",DE,DE22
NUTS,2024,3,DE223,"Straubing, Kreisfreie Stadt",DE,DE22
NUTS,2024,3,DE224,Deggendorf,DE,DE22
NUTS,2024,3,DE225,Freyung-Grafenau,DE,DE22
NUTS,2024,3,DE226,Kelheim,DE,DE22
NUTS,2024,3,DE227,"Landshut, Landkreis",DE,DE22
NUTS,2024,3,DE228,"Passau, Landkreis",DE,DE22
NUTS,2024,3,DE229,Regen,DE,DE22
NUTS,2024,3,DE22A,Rottal-Inn,DE,DE22
NUTS,2024,3,DE22B,Straubing-Bogen,DE,DE22
NUTS,2024,3,DE22C,Dingolfing-Landau,DE,DE22
NUTS,2024,2,DE23,Oberpfalz,DE,DE2
NUTS,2024,3,DE231,"Amberg, Kreisfreie Stadt",DE,DE23
NUTS,2024,3,DE232,"Regensburg, Kreisfreie Stadt",DE,DE23
NUTS,2024,3,DE233,"Weiden i. d. Opf, Kreisfreie Stadt",DE,DE23
NUTS,2024,3,DE234,Amberg-Sulzbach,DE,DE23
NUTS,2024,3,DE235,Cham,DE,DE23
NUTS,2024,3,DE236,Neumarkt i. d. OPf.,DE,DE23
NUTS,2024,3,DE237,Neustadt a. d. Waldnaab,DE,DE23
NUTS,2024,3,DE238,"Regensburg, Landkreis",DE,DE23
NUTS,2024,3,DE239,Schwandorf,DE,DE23
NUTS,2024,3,DE23A,Tirschenreuth,DE,DE23
NUTS,2024,2,DE24,Oberfranken,DE,DE2
NUTS,2024,3,DE241,"Bamberg, Kreisfreie Stadt",DE,DE24
NUTS,2024,3,DE242,"Bayreuth, Kreisfreie Stadt",DE,DE24
NUTS,2024,3,DE243,"Coburg, Kreisfreie Stadt",DE,DE24
NUTS,2024,3,DE244,"Hof, Kreisfreie Stadt",DE,DE24
NUTS,2024,3,DE245,"Bamberg, Landkreis",DE,DE24
NUTS,2024,3,DE246,"Bayreuth, Landkreis",DE,DE24
NUTS,2024,3,DE247,"Coburg, Landkreis",DE,DE24
NUTS,2024,3,DE248,Forchheim,DE,DE24
NUTS,2024,3,DE249,"Hof, Landkreis",DE,DE24
NUTS,2024,3,DE24A,Kronach,DE,DE24
NUTS,2024,3,DE24B,Kulmbach,DE,DE24
NUTS,2024,3,DE24C,Lichtenfels,DE,DE24
NUTS,2024,3,DE24D,Wunsiedel i. Fichtelgebirge,DE,DE24
NUTS,2024,2,DE25,Mittelfranken,DE,DE2
NUTS,2024,3,DE251,"Ansbach, Kreisfreie Stadt",DE,DE25
NUTS,2024,3,DE252,"Erlangen, Kreisfreie Stadt",DE,DE25
NUTS,2024,3,DE253,"Fürth, Kreisfreie Stadt",DE,DE25
NUTS,2024,3,DE254,"Nürnberg, Kreisfreie Stadt",DE,DE25
NUTS,2024,3,DE255,"Schwabach, Kreisfreie Stadt",DE,DE25
NUTS,2024,3,DE256,"Ansbach, Landkreis",DE,DE25
NUTS,2024,3,DE257,Erlangen-Höchstadt,DE,DE25
NUTS,2024,3,DE258,"Fürth, Landkreis",DE,DE25
NUTS,2024,3,DE259,Nürnberger Land,DE,DE25
NUTS,2024,3,DE25A,Neustadt a. d. Aisch-Bad Windsheim,DE,DE25
NUTS,2024,3,DE25B,Roth,DE,DE25
NUTS,2024,3,DE25C,Weißenburg-Gunzenhausen,DE,DE25
NUTS,2024,2,DE26,Unterfranken,DE,DE2
NUTS,2024,3,DE261,"Aschaffenburg, Kreisfreie Stadt",DE,DE26
NUTS,2024,3,DE262,"Schweinfurt, Kreisfreie Stadt",DE,DE26
NUTS,2024,3,DE263,"Würzburg, Kreisfreie Stadt",DE,DE26
NUTS,2024,3,DE264,"Aschaffenburg, Landkreis",DE,DE26
NUTS,2024,3,DE265,Bad Kissingen,DE,DE26
NUTS,2024,3,DE266,Rhön-Grabfeld,DE,DE26
NUTS,2024,3,DE267,Haßberge,DE,DE26
NUTS,2024,3,DE268,Kitzingen,DE,DE26
NUTS,2024,3,DE269,Miltenberg,DE,DE26
NUTS,2024,3,DE26A,Main-Spessart,DE,DE26
NUTS,2024,3,DE26B,"Schweinfurt, Landkreis",DE,DE26
NUTS,2024,3,DE26C,"Würzburg, Landkreis",DE,DE26
NUTS,2024,2,DE27,Schwaben,DE,DE2
NUTS,2024,3,DE271,"Augsburg, Kreisfreie Stadt",DE,DE27
NUTS,2024,3,DE272,"Kaufbeuren, Kreisfreie Stadt",DE,DE27
NUTS,2024,3,DE273,"Kempten (Allgäu), Kreisfreie Stadt",DE,DE27
NUTS,2024,3,DE274,"Memmingen, Kreisfreie Stadt",DE,DE27
NUTS,2024,3,DE275,Aichach-Friedberg,DE,DE27
NUTS,2024,3,DE276,"Augsburg, Landkreis",DE,DE27
NUTS,2024,3,DE277,Dillingen a.d. Donau,DE,DE27
NUTS,2024,3,DE278,Günzburg,DE,DE27
NUTS,2024,3,DE279,Neu-Ulm,DE,DE27
NUTS,2024,3,DE27A,Lindau (Bodensee),DE,DE27
NUTS,2024,3,DE27B,Ostallgäu,DE,DE27
NUTS,2024,3,DE27C,Unterallgäu,DE,DE27
NUTS,2024,3,DE27D,Donau-Ries,DE,DE27
NUTS,2024,3,DE27E,Oberallgäu,DE,DE27
NUTS,2024,1,DE3,Berlin,DE,DE
NUTS,2024,2,DE30,Berlin,DE,DE3
NUTS,2024,3,DE300,Berlin,DE,DE30
NUTS,2024,1,DE4,Brandenburg,DE,DE
NUTS,2024,2,DE40,Brandenburg,DE,DE4
NUTS,2024,3,DE401,"Brandenburg an der Havel, Kreisfreie Stadt",DE,DE40
NUTS,2024,3,DE402,"Cottbus, Kreisfreie Stadt",DE,DE40
NUTS,2024,3,DE403,"Frankfurt (Oder), Kreisfreie Stadt",DE,DE40
NUTS,2024,3,DE404,"Potsdam, Kreisfreie Stadt",DE,DE40
NUTS,2024,3,DE405,Barnim,DE,DE40
NUTS,2024,3,DE406,Dahme-Spreewald,DE,DE40
NUTS,2024,3,DE407,Elbe-Elster,DE,DE40
NUTS,2024,3,DE408,Havelland,DE,DE40
NUTS,2024,3,DE409,Märkisch-Oderland,DE,DE40
NUTS,2024,3,DE40A,Oberhavel,DE,DE40
NUTS,2024,3,DE40B,Oberspreewald-Lausitz,DE,DE40
NUTS,2024,3,DE40C,Oder-Spree,DE,DE40
NUTS,2024,3,DE40D,Ostprignitz-Ruppin,DE,DE40
NUTS,2024,3,DE40E,Potsdam-Mittelmark,DE,DE40
NUTS,2024,3,DE40F,Prignitz,DE,DE40
NUTS,2024,3,DE40G,Spree-Neiße,DE,DE40
NUTS,2024,3,DE40H,Teltow-Fläming,DE,DE40
NUTS,2024,3,DE40I,Uckermark,DE,DE40
NUTS,2024,1,DE5,Bremen,DE,DE
NUTS,2024,2,DE50,Bremen,DE,DE5
NUTS,2024,3,DE501,"Bremen, Kreisfreie Stadt",DE,DE50
NUTS,2024,3,DE502,"Bremerhaven, Kreisfreie Stadt",DE,DE50
NUTS,2024,1,DE6,Hamburg,DE,DE
NUTS,2024,2,DE60,Hamburg,DE,DE6
NUTS,2024,3,DE600,Hamburg,DE,DE60
NUTS,2024,1,DE7,Hessen,DE,DE
NUTS,2024,2,DE71,Darmstadt,DE,DE7
NUTS,2024,3,DE711,"Darmstadt, Kreisfreie Stadt",DE,DE71
NUTS,2024,3,DE712,"Frankfurt am Main, Kreisfreie Stadt",DE,DE71
NUTS,2024,3,DE713,"Offenbach am Main, Kreisfreie Stadt",DE,DE71
NUTS,2024,3,DE714,"Wiesbaden, Kreisfreie Stadt",DE,DE71
NUTS,2024,3,DE715,Bergstraße,DE,DE71
NUTS,2024,3,DE716,Darmstadt-Dieburg,DE,DE71
NUTS,2024,3,DE717,Groß-Gerau,DE,DE71
NUTS,2024,3,DE718,Hochtaunuskreis,DE,DE71
NUTS,2024,3,DE719,Main-Kinzig-Kreis,DE,DE71
NUTS,2024,3,DE71A,Main-Taunus-Kreis,DE,DE71
NUTS,2024,3,DE71B,Odenwaldkreis,DE,DE71
NUTS,2024,3,DE71C,"Offenbach, Landkreis",DE,DE71
NUTS,2024,3,DE71D,Rheingau-Taunus-Kreis,DE,DE71
NUTS,2024,3,DE71E,Wetteraukreis,DE,DE71
NUTS,2024,2,DE72,Gießen,DE,DE7
NUTS,2024,3,DE721,"Gießen, Landkreis",DE,DE72
NUTS,2024,3,DE722,Lahn-Dill-Kreis,DE,DE72
NUTS,2024,3,DE723,Limburg-Weilburg,DE,DE72
NUTS,2024,3,DE724,Marburg-Biedenkopf,DE,DE72
NUTS,2024,3,DE725,Vogelsbergkreis,DE,DE72
NUTS,2024,2,DE73,Kassel,DE,DE7
NUTS,2024,3,DE731,"Kassel, Kreisfreie Stadt",DE,DE73
NUTS,2024,3,DE732,Fulda,DE,DE73
NUTS,2024,3,DE733,Hersfeld-Rotenburg,DE,DE73
NUTS,2024,3,DE734,"Kassel, Landkreis",DE,DE73
NUTS,2024,3,DE735,Schwalm-Eder-Kreis,DE,DE73
NUTS,2024,3,DE736,Waldeck-Frankenberg,DE,DE73
NUTS,2024,3,DE737,Werra-Meißner-Kreis,DE,DE73
NUTS,2024,1,DE8,Mecklenburg-Vorpommern,DE,DE
NUTS,2024,2,DE80,Mecklenburg-Vorpommern,DE,DE8
NUTS,2024,3,DE803,"Rostock, Kreisfreie Stadt",DE,DE80
NUTS,2024,3,DE804,"Schwerin, Kreisfreie Stadt",DE,DE80
NUTS,2024,3,DE80J,Mecklenburgische Seenplatte,DE,DE80
NUTS,2024,3,DE80K,Landkreis Rostock,DE,DE80
NUTS,2024,3,DE80L,Vorpommern-Rügen,DE,DE80
NUTS,2024,3,DE80M,Nordwestmecklenburg,DE,DE80
NUTS,2024,3,DE80N,Vorpommern-Greifswald,DE,DE80
NUTS,2024,3,DE80O,Ludwigslust-Parchim,DE,DE80
NUTS,2024,1,DE9,Niedersachsen,DE,DE
NUTS,2024,2,DE91,Braunschweig,DE,DE9
NUTS,2024,3,DE911,"Braunschweig, Kreisfreie Stadt",DE,DE91
NUTS,2024,3,DE912,"Salzgitter, Kreisfreie Stadt",DE,DE91
NUTS,2024,3,DE913,"Wolfsburg, Kreisfreie Stadt",DE,DE91
NUTS,2024,3,DE914,Gifhorn,DE,DE91
NUTS,2024,3,DE916,Goslar,DE,DE91
NUTS,2024,3,DE917,Helmstedt,DE,DE91
NUTS,2024,3,DE918,Northeim,DE,DE91
NUTS,2024,3,DE91A,Peine,DE,DE91
NUTS,2024,3,DE91B,Wolfenbüttel,DE,DE91
NUTS,2024,3,DE91C,Göttingen,DE,DE91
NUTS,2024,2,DE92,Hannover,DE,DE9
NUTS,2024,3,DE922,Diepholz,DE,DE92
NUTS,2024,3,DE923,Hameln-Pyrmont,DE,DE92
NUTS,2024,3,DE925,Hildesheim,DE,DE92
NUTS,2024,3,DE926,Holzminden,DE,DE92
NUTS,2024,3,DE927,Nienburg (Weser),DE,DE92
NUTS,2024,3,DE928,Schaumburg,DE,DE92
NUTS,2024,3,DE929,Region Hannover,DE,DE92
NUTS,2024,2,DE93,Lüneburg,DE,DE9
NUTS,2024,3,DE931,Celle,DE,DE93
NUTS,2024,3,DE932,Cuxhaven,DE,DE93
NUTS,2024,3,DE933,Harburg,DE,DE93
NUTS,2024,3,DE934,Lüchow-Dannenberg,DE,DE93
NUTS,2024,3,DE935,"Lüneburg, Landkreis",DE,DE93
NUTS,2024,3,DE936,Osterholz,DE,DE93
NUTS,2024,3,DE937,Rotenburg (Wümme),DE,DE93
NUTS,2024,3,DE938,Heidekreis,DE,DE93
NUTS,2024,3,DE939,Stade,DE,DE93
NUTS,2024,3,DE93A,Uelzen,DE,DE93
NUTS,2024,3,DE93B,Verden,DE,DE93
NUTS,2024,2,DE94,Weser-Ems,DE,DE9
NUTS,2024,3,DE941,"Delmenhorst, Kreisfreie Stadt",DE,DE94
NUTS,2024,3,DE942,"Emden, Kreisfreie Stadt",DE,DE94
NUTS,2024,3,DE943,"Oldenburg (Oldenburg), Kreisfreie Stadt",DE,DE94
NUTS,2024,3,DE944,"Osnabrück, Kreisfreie Stadt",DE,DE94
NUTS,2024,3,DE945,"Wilhelmshaven, Kreisfreie Stadt",DE,DE94
NUTS,2024,3,DE946,Ammerland,DE,DE94
NUTS,2024,3,DE947,Aurich,DE,DE94
NUTS,2024,3,DE948,Cloppenburg,DE,DE94
NUTS,2024,3,DE949,Emsland,DE,DE94
NUTS,2024,3,DE94A,Friesland (DE),DE,DE94
NUTS,2024,3,DE94B,Grafschaft Bentheim,DE,DE94
NUTS,2024,3,DE94C,Leer,DE,DE94
NUTS,2024,3,DE94D,"Oldenburg, Landkreis",DE,DE94
NUTS,2024,3,DE94E,"Osnabrück, Landkreis",DE,DE94
NUTS,2024,3,DE94F,Vechta,DE,DE94
NUTS,2024,3,DE94G,Wesermarsch,DE,DE94
NUTS,2024,3,DE94H,Wittmund,DE,DE94
NUTS,2024,1,DEA,Nordrhein-Westfalen,DE,DE
NUTS,2024,2,DEA1,Düsseldorf,DE,DEA
NUTS,2024,3,DEA11,"Düsseldorf, Kreisfreie Stadt",DE,DEA1
NUTS,2024,3,DEA12,"Duisburg, Kreisfreie Stadt",DE,DEA1
NUTS,2024,3,DEA13,"Essen, Kreisfreie Stadt",DE,DEA1
NUTS,2024,3,DEA14,"Krefeld, Kreisfreie Stadt",DE,DEA1
NUTS,2024,3,DEA15,"Mönchengladbach, Kreisfreie Stadt",DE,DEA1
NUTS,2024,3,DEA16,"Mülheim an der Ruhr, Kreisfreie Stadt",DE,DEA1
NUTS,2024,3,DEA17,"Oberhausen, Kreisfreie Stadt",DE,DEA1
NUTS,2024,3,DEA18,"Remscheid, Kreisfreie Stadt",DE,DEA1
NUTS,2024,3,DEA19,"Solingen, Kreisfreie Stadt",DE,DEA1
NUTS,2024,3,DEA1A,"Wuppertal, Kreisfreie Stadt",DE,DEA1
NUTS,2024,3,DEA1B,Kleve,DE,DEA1
NUTS,2024,3,DEA1C,Mettmann,DE,DEA1
NUTS,2024,3,DEA1D,Rhein-Kreis Neuss,DE,DEA1
NUTS,2024,3,DEA1E,Viersen,DE,DEA1
NUTS,2024,3,DEA1F,Wesel,DE,DEA1
NUTS,2024,2,DEA2,Köln,DE,DEA
NUTS,2024,3,DEA22,"Bonn, Kreisfreie Stadt",DE,DEA2
NUTS,2024,3,DEA23,"Köln, Kreisfreie Stadt",DE,DEA2
NUTS,2024,3,DEA24,"Leverkusen, Kreisfreie Stadt",DE,DEA2
NUTS,2024,3,DEA26,Düren,DE,DEA2
NUTS,2024,3,DEA27,Rhein-Erft-Kreis,DE,DEA2
NUTS,2024,3,DEA28,Euskirchen,DE,DEA2
NUTS,2024,3,DEA29,Heinsberg,DE,DEA2
NUTS,2024,3,DEA2A,Oberbergischer Kreis,DE,DEA2
NUTS,2024,3,DEA2B,Rheinisch-Bergischer Kreis,DE,DEA2
NUTS,2024,3,DEA2C,Rhein-Sieg-Kreis,DE,DEA2
NUTS,2024,3,DEA2D,Städteregion Aachen,DE,DEA2
NUTS,2024,2,DEA3,Münster,DE,DEA
NUTS,2024,3,DEA31,"Bottrop, Kreisfreie Stadt",DE,DEA3
NUTS,2024,3,DEA32,"Gelsenkirchen, Kreisfreie Stadt",DE,DEA3
NUTS,2024,3,DEA33,"Münster, Kreisfreie Stadt",DE,DEA3
NUTS,2024,3,DEA34,Borken,DE,DEA3
NUTS,2024,3,DEA35,Coesfeld,DE,DEA3
NUTS,2024,3,DEA36,Recklinghausen,DE,DEA3
NUTS,2024,3,DEA37,Steinfurt,DE,DEA3
NUTS,2024,3,DEA38,Warendorf,DE,DEA3
NUTS,2024,2,DEA4,Detmold,DE,DEA
NUTS,2024,3,DEA41,"Bielefeld, Kreisfreie Stadt",DE,DEA4
NUTS,2024,3,DEA42,Gütersloh,DE,DEA4
NUTS,2024,3,DEA43,Herford,DE,DEA4
NUTS,2024,3,DEA44,Höxter,DE,DEA4
NUTS,2024,3,DEA45,Lippe,DE,DEA4
NUTS,2024,3,DEA46,Minden-Lübbecke,DE,DEA4
NUTS,2024,3,DEA47,Paderborn,DE,DEA4
NUTS,2024,2,DEA5,Arnsberg,DE,DEA
NUTS,2024,3,DEA51,"Bochum, Kreisfreie Stadt",DE,DEA5
NUTS,2024,3,DEA52,"Dortmund, Kreisfreie Stadt",DE,DEA5
NUTS,2024,3,DEA53,"Hagen, Kreisfreie Stadt",DE,DEA5
NUTS,2024,3,DEA54,"Hamm, Kreisfreie Stadt",DE,DEA5
NUTS,2024,3,DEA55,"Herne, Kreisfreie Stadt",DE,DEA5
NUTS,2024,3,DEA56,Ennepe-Ruhr-Kreis,DE,DEA5
NUTS,2024,3,DEA57,Hochsauerlandkreis,DE,DEA5
NUTS,2024,3,DEA58,Märkischer Kreis,DE,DEA5
NUTS,2024,3,DEA59,Olpe,DE,DEA5
NUTS,2024,3,DEA5A,Siegen-Wittgenstein,DE,DEA5
NUTS,2024,3,DEA5B,Soest,DE,DEA5
NUTS,2024,3,DEA5C,Unna,DE,DEA5
NUTS,2024,1,DEB,Rheinland-Pfalz,DE,DE
NUTS,2024,2,DEB1,Koblenz,DE,DEB
NUTS,2024,3,DEB11,"Koblenz, Kreisfreie Stadt",DE,DEB1
NUTS,2024,3,DEB12,Ahrweiler,DE,DEB1
NUTS,2024,3,DEB13,Altenkirchen (Westerwald),DE,DEB1
NUTS,2024,3,DEB14,Bad Kreuznach,DE,DEB1
NUTS,2024,3,DEB15,Birkenfeld,DE,DEB1
NUTS,2024,3,DEB17,Mayen-Koblenz,DE,DEB1
NUTS,2024,3,DEB18,Neuwied,DE,DEB1
NUTS,2024,3,DEB1A,Rhein-Lahn-Kreis,DE,DEB1
NUTS,2024,3,DEB1B,Westerwaldkreis,DE,DEB1
NUTS,2024,3,DEB1C,Cochem-Zell,DE,DEB1
NUTS,2024,3,DEB1D,Rhein-Hunsrück-Kreis,DE,DEB1
NUTS,2024,2,DEB2,Trier,DE,DEB
NUTS,2024,3,DEB21,"Trier, Kreisfreie Stadt",DE,DEB2
NUTS,2024,3,DEB22,Bernkastel-Wittlich,DE,DEB2
NUTS,2024,3,DEB23,Eifelkreis Bitburg-Prüm,DE,DEB2
NUTS,2024,3,DEB24,Vulkaneifel,DE,DEB2
NUTS,2024,3,DEB25,Trier-Saarburg,DE,DEB2
NUTS,2024,2,DEB3,Rheinhessen-Pfalz,DE,DEB
NUTS,2024,3,DEB31,"Frankenthal (Pfalz), Kreisfreie Stadt",DE,DEB3
NUTS,2024,3,DEB32,"Kaiserslautern, Kreisfreie Stadt",DE,DEB3
NUTS,2024,3,DEB33,"Landau in der Pfalz, Kreisfreie Stadt",DE,DEB3
NUTS,2024,3,DEB34,"Ludwigshafen am Rhein, Kreisfreie Stadt",DE,DEB3
NUTS,2024,3,DEB35,"Mainz, Kreisfreie Stadt",DE,DEB3
NUTS,2024,3,DEB36,"Neustadt an der Weinstraße, Kreisfreie Stadt",DE,DEB3
NUTS,2024,3,DEB37,"Pirmasens, Kreisfreie Stadt",DE,DEB3
NUTS,2024,3,DEB38,"Speyer, Kreisfreie Stadt",DE,DEB3
NUTS,2024,3,DEB39,"Worms, Kreisfreie Stadt",DE,DEB3
NUTS,2024,3,DEB3A,"Zweibrücken, Kreisfreie Stadt",DE,DEB3
NUTS,2024,3,DEB3B,Alzey-Worms,DE,DEB3
NUTS,2024,3,DEB3C,Bad Dürkheim,DE,DEB3
NUTS,2024,3,DEB3D,Donnersbergkreis,DE,DEB3
NUTS,2024,3,DEB3E,Germersheim,DE,DEB3
NUTS,2024,3,DEB3F,"Kaiserslautern, Landkreis",DE,DEB3
NUTS,2024,3,DEB3G,Kusel,DE,DEB3
NUTS,2024,3,DEB3H,Südliche Weinstraße,DE,DEB3
NUTS,2024,3,DEB3I,Rhein-Pfalz-Kreis,DE,DEB3
NUTS,2024,3,DEB3J,Mainz-Bingen,DE,DEB3
NUTS,2024,3,DEB3K,Südwestpfalz,DE,DEB3
NUTS,2024,1,DEC,Saarland,DE,DE
NUTS,2024,2,DEC0,Saarland,DE,DEC
NUTS,2024,3,DEC01,Regionalverband Saarbrücken,DE,DEC0
NUTS,2024,3,DEC02,Merzig-Wadern,DE,DEC0
NUTS,2024,3,DEC03,Neunkirchen,DE,DEC0
NUTS,2024,3,DEC04,Saarlouis,DE,DEC0
NUTS,2024,3,DEC05,Saarpfalz-Kreis,DE,DEC0
NUTS,2024,3,DEC06,St. Wendel,DE,DEC0
NUTS,2024,1,DED,Sachsen,DE,DE
NUTS,2024,2,DED2,Dresden,DE,DED
NUTS,2024,3,DED21,"Dresden, Kreisfreie Stadt",DE,DED2
NUTS,2024,3,DED2C,Bautzen,DE,DED2
NUTS,2024,3,DED2D,Görlitz,DE,DED2
NUTS,2024,3,DED2E,Meißen,DE,DED2
NUTS,2024,3,DED2F,Sächsische Schweiz-Osterzgebirge,DE,DED2
NUTS,2024,2,DED4,Chemnitz,DE,DED
NUTS,2024,3,DED41,"Chemnitz, Kreisfreie Stadt",DE,DED4
NUTS,2024,3,DED42,Erzgebirgskreis,DE,DED4
NUTS,2024,3,DED43,Mittelsachsen,DE,DED4
NUTS,2024,3,DED44,Vogtlandkreis,DE,DED4
NUTS,2024,3,DED45,Zwickau,DE,DED4
NUTS,2024,2,DED5,Leipzig,DE,DED
NUTS,2024,3,DED51,"Leipzig, Kreisfreie Stadt",DE,DED5
NUTS,2024,3,DED52,Leipzig,DE,DED5
NUTS,2024,3,DED53,Nordsachsen,DE,DED5
NUTS,2024,1,DEE,Sachsen-Anhalt,DE,DE
NUTS,2024,2,DEE0,Sachsen-Anhalt,DE,DEE
NUTS,2024,3,DEE01,"Dessau-Roßlau, Kreisfreie Stadt",DE,DEE0
NUTS,2024,3,DEE02,"Halle (Saale), Kreisfreie Stadt",DE,DEE0
NUTS,2024,3,DEE03,"Magdeburg, Kreisfreie Stadt",DE,DEE0
NUTS,2024,3,DEE04,Altmarkkreis Salzwedel,DE,DEE0
NUTS,2024,3,DEE05,Anhalt-Bitterfeld,DE,DEE0
NUTS,2024,3,DEE06,Jerichower Land,DE,DEE0
NUTS,2024,3,DEE07,Börde,DE,DEE0
NUTS,2024,3,DEE08,Burgenlandkreis,DE,DEE0
NUTS,2024,3,DEE09,Harz,DE,DEE0
NUTS,2024,3,DEE0A,Mansfeld-Südharz,DE,DEE0
NUTS,2024,3,DEE0B,Saalekreis,DE,DEE0
NUTS,2024,3,DEE0C,Salzlandkreis,DE,DEE0
NUTS,2024,3,DEE0D,Stendal,DE,DEE0
NUTS,2024,3,DEE0E,Wittenberg,DE,DEE0
NUTS,2024,1,DEF,Schleswig-Holstein,DE,DE
NUTS,2024,2,DEF0,Schleswig-Holstein,DE,DEF
NUTS,2024,3,DEF01,"Flensburg, Kreisfreie Stadt",DE,DEF0
NUTS,2024,3,DEF02,"Kiel, Kreisfreie Stadt",DE,DEF0
NUTS,2024,3,DEF03,"Lübeck, Kreisfreie Stadt",DE,DEF0
NUTS,2024,3,DEF04,"Neumünster, Kreisfreie Stadt",DE,DEF0
NUTS,2024,3,DEF05,Dithmarschen,DE,DEF0
NUTS,2024,3,DEF06,Herzogtum Lauenburg,DE,DEF0
NUTS,2024,3,DEF07,Nordfriesland,DE,DEF0
NUTS,2024,3,DEF08,Ostholstein,DE,DEF0
NUTS,2024,3,DEF09,Pinneberg,DE,DEF0
NUTS,2024,3,DEF0A,Plön,DE,DEF0
NUTS,2024,3,DEF0B,Rendsburg-Eckernförde,DE,DEF0
NUTS,2024,3,DEF0C,Schleswig-Flensburg,DE,DEF0
NUTS,2024,3,DEF0D,Segeberg,DE,DEF0
NUTS,2024,3,DEF0E,Steinburg,DE,DEF0
NUTS,2024,3,DEF0F,Stormarn,DE,DEF0
NUTS,2024,1,DEG,Thüringen,DE,DE
NUTS,2024,2,DEG0,Thüringen,DE,DEG
NUTS,2024,3,DEG01,"Erfurt, Kreisfreie Stadt",DE,DEG0
NUTS,2024,3,DEG02,"Gera, Kreisfreie Stadt",DE,DEG0
NUTS,2024,3,DEG03,"Jena, Kreisfreie Stadt",DE,DEG0
NUTS,2024,3,DEG05,"Weimar, Kreisfreie Stadt",DE,DEG0
NUTS,2024,3,DEG06,Eichsfeld,DE,DEG0
NUTS,2024,3,DEG07,Nordhausen,DE,DEG0
NUTS,2024,3,DEG09,Unstrut-Hainich-Kreis,DE,DEG0
NUTS,2024,3,DEG0A,Kyffhäuserkreis,DE,DEG0
NUTS,2024,3,DEG0C,Gotha,DE,DEG0
NUTS,2024,3,DEG0D,Sömmerda,DE,DEG0
NUTS,2024,3,DEG0E,Hildburghausen,DE,DEG0
NUTS,2024,3,DEG0G,Weimarer Land,DE,DEG0
NUTS,2024,3,DEG0J,Saale-Holzland-Kreis,DE,DEG0
NUTS,2024,3,DEG0K,Saale-Orla-Kreis,DE,DEG0
NUTS,2024,3,DEG0L,Greiz,DE,DEG0
NUTS,2024,3,DEG0M,Altenburger Land,DE,DEG0
NUTS,2024,3,DEG0Q,Schmalkalden-Meiningen,DE,DEG0
NUTS,2024,3,DEG0R,Wartburgkreis,DE,DEG0
NUTS,2024,3,DEG0S,"Suhl, Kreisfreie Stadt",DE,DEG0
NUTS,2024,3,DEG0T,Ilm-Kreis,DE,DEG0
NUTS,2024,3,DEG0U,Saalfeld-Rudolstadt,DE,DEG0
NUTS,2024,3,DEG0V,Sonneberg,DE,DEG0
NUTS,2024,1,DK0,Danmark,DK,DK
NUTS,2024,2,DK01,Hovedstaden,DK,DK0
NUTS,2024,3,DK011,Byen København,DK,DK01
NUTS,2024,3,DK012,Københavns omegn,DK,DK01
NUTS,2024,3,DK013,Nordsjælland,DK,DK01
NUTS,2024,3,DK014,Bornholm,DK,DK01
NUTS,2024,2,DK02,Sjælland,DK,DK0
NUTS,2024,3,DK021,Østsjælland,DK,DK02
NUTS,2024,3,DK022,Vest- og Sydsjælland,DK,DK02
NUTS,2024,2,DK03,Syddanmark,DK,DK0
NUTS,2024,3,DK031,Fyn,DK,DK03
NUTS,2024,3,DK032,Sydjylland,DK,DK03
NUTS,2024,2,DK04,Midtjylland,DK,DK0
NUTS,2024,3,DK041,Vestjylland,DK,DK04
NUTS,2024,3,DK042,Østjylland,DK,DK04
NUTS,2024,2,DK05,Nordjylland,DK,DK0
NUTS,2024,3,DK050,Nordjylland,DK,DK05
NUTS,2024,1,EE0,Eesti,EE,EE
NUTS,2024,2,EE00,Eesti,EE,EE0
NUTS,2024,3,EE001,Põhja-Eesti,EE,EE00
NUTS,2024,3,EE004,Lääne-Eesti,EE,EE00
NUTS,2024,3,EE008,Lõuna-Eesti,EE,EE00
NUTS,2024,3,EE009,Kesk-Eesti,EE,EE00
NUTS,2024,3,EE00A,Kirde-Eesti,EE,EE00
NUTS,2024,1,EL3,Attiki,EL,EL
NUTS,2024,2,EL30,Attiki,EL,EL3
NUTS,2024,3,EL301,Voreios Tomeas Athinon,EL,EL30
NUTS,2024,3,EL302,Dytikos Tomeas Athinon,EL,EL30
NUTS,2024,3,EL303,Kentrikos Tomeas Athinon,EL,EL30
NUTS,2024,3,EL304,Notios Tomeas Athinon,EL,EL30
NUTS,2024,3,EL305,Anatoliki Attiki,EL,EL30
NUTS,2024,3,EL306,Dytiki Attiki,EL,EL30
NUTS,2024,3,EL307,"Peiraias, Nisoi",EL,EL30
NUTS,2024,1,EL4,"Nisia Aigaiou, Kriti",EL,EL
NUTS,2024,2,EL41,Voreio Aigaio,EL,EL4
NUTS,2024,3,EL411,"Lesvos, Limnos",EL,EL41
NUTS,2024,3,EL412,"Ikaria, Samos",EL,EL41
NUTS,2024,3,EL413,Chios,EL,EL41
NUTS,2024,2,EL42,Notio Aigaio,EL,EL4
NUTS,2024,3,EL421,"Kalymnos, Karpathos, Kasos, Kos, Rodos",EL,EL42
NUTS,2024,3,EL422,"Andros, Thira, Kea - Kythnos, Milos, Mykonos, Naxos, Paros,  Syros, Tinos",EL,EL42
NUTS,2024,2,EL43,Kriti,EL,EL4
NUTS,2024,3,EL431,Irakleio,EL,EL43
NUTS,2024,3,EL432,Lasithi,EL,EL43
NUTS,2024,3,EL433,Rethymni,EL,EL43
NUTS,2024,3,EL434,Chania,EL,EL43
NUTS,2024,1,EL5,Voreia Elláda,EL,EL
NUTS,2024,2,EL51,"Anatoliki Makedonia, Thraki",EL,EL5
NUTS,2024,3,EL511,Evros,EL,EL51
NUTS,2024,3,EL512,Xanthi,EL,EL51
NUTS,2024,3,EL513,Rodopi,EL,EL51
NUTS,2024,3,EL514,Drama,EL,EL51
NUTS,2024,3,EL515,"Thasos, Kavala",EL,EL51
NUTS,2024,2,EL52,Kentriki Makedonia,EL,EL5
NUTS,2024,3,EL521,Imathia,EL,EL52
NUTS,2024,3,EL522,Thessaloniki,EL,EL52
NUTS,2024,3,EL523,Kilkis,EL,EL52
NUTS,2024,3,EL524,Pella,EL,EL52
NUTS,2024,3,EL525,Pieria,EL,EL52
NUTS,2024,3,EL526,Serres,EL,EL52
NUTS,2024,3,EL527,Chalkidiki,EL,EL52
NUTS,2024,2,EL53,Dytiki Makedonia,EL,EL5
NUTS,2024,3,EL531,"Grevena, Kozani",EL,EL53
NUTS,2024,3,EL532,Kastoria,EL,EL53
NUTS,2024,3,EL533,Florina,EL,EL53
NUTS,2024,2,EL54,Ipeiros,EL,EL5
NUTS,2024,3,EL541,"Arta, Preveza",EL,EL54
NUTS,2024,3,EL542,Thesprotia,EL,EL54
NUTS,2024,3,EL543,Ioannina,EL,EL54
NUTS,2024,1,EL6,Kentriki Elláda,EL,EL
NUTS,2024,2,EL61,Thessalia,EL,EL6
NUTS,2024,3,EL611,"Karditsa, Trikala",EL,EL61
NUTS,2024,3,EL612,Larisa,EL,EL61
NUTS,2024,3,EL613,"Magnisia, Sporades",EL,EL61
NUTS,2024,2,EL62,Ionia Nisia,EL,EL6
NUTS,2024,3,EL621,Zakynthos,EL,EL62
NUTS,2024,3,EL622,Kerkyra,EL,EL62
NUTS,2024,3,EL623,"Ithaki, Kefallinia",EL,EL62
NUTS,2024,3,EL624,Lefkada,EL,EL62
NUTS,2024,2,EL63,Dytiki Elláda,EL,EL6
NUTS,2024,3,EL631,Aitoloakarnania,EL,EL63
NUTS,2024,3,EL632,Achaia,EL,EL63
NUTS,2024,3,EL633,Ileia,EL,EL63
NUTS,2024,2,EL64,Sterea Elláda,EL,EL6
NUTS,2024,3,EL641,Voiotia,EL,EL64
NUTS,2024,3,EL642,Evvoia,EL,EL64
NUTS,2024,3,EL643,Evrytania,EL,EL64
NUTS,2024,3,EL644,Fthiotida,EL,EL64
NUTS,2024,3,EL645,Fokida,EL,EL64
NUTS,2024,2,EL65,Peloponnisos,EL,EL6
NUTS,2024,3,EL651,"Argolida, Arkadia",EL,EL65
NUTS,2024,3,EL652,Korinthia,EL,EL65
NUTS,2024,3,EL653,"Lakonia, Messinia",EL,EL65
NUTS,2024,1,ES1,Noroeste,ES,ES
NUTS,2024,2,ES11,Galicia,ES,ES1
NUTS,2024,3,ES111,A Coruña,ES,ES11
NUTS,2024,3,ES112,Lugo,ES,ES11
NUTS,2024,3,ES113,Ourense,ES,ES11
NUTS,2024,3,ES114,Pontevedra,ES,ES11
NUTS,2024,2,ES12,Principado de Asturias,ES,ES1
NUTS,2024,3,ES120,Asturias,ES,ES12
NUTS,2024,2,ES13,Cantabria,ES,ES1
NUTS,2024,3,ES130,Cantabria,ES,ES13
NUTS,2024,1,ES2,Noreste,ES,ES
NUTS,2024,2,ES21,País Vasco,ES,ES2
NUTS,2024,3,ES211,Araba/Álava,ES,ES21
NUTS,2024,3,ES212,Gipuzkoa,ES,ES21
NUTS,2024,3,ES213,Bizkaia,ES,ES21
NUTS,2024,2,ES22,Comunidad Foral de Navarra,ES,ES2
NUTS,2024,3,ES220,Navarra,ES,ES22
NUTS,2024,2,ES23,La Rioja,ES,ES2
NUTS,2024,3,ES230,La Rioja,ES,ES23
NUTS,2024,2,ES24,Aragón,ES,ES2
NUTS,2024,3,ES241,Huesca,ES,ES24
NUTS,2024,3,ES242,Teruel,ES,ES24
NUTS,2024,3,ES243,Zaragoza,ES,ES24
NUTS,2024,1,ES3,Comunidad de Madrid,ES,ES
NUTS,2024,2,ES30,Comunidad de Madrid,ES,ES3
NUTS,2024,3,ES300,Madrid,ES,ES30
NUTS,2024,1,ES4,Centro (ES),ES,ES
NUTS,2024,2,ES41,Castilla y León,ES,ES4
NUTS,2024,3,ES411,Ávila,ES,ES41
NUTS,2024,3,ES412,Burgos,ES,ES41
NUTS,2024,3,ES413,León,ES,ES41
NUTS,2024,3,ES414,Palencia,ES,ES41
NUTS,2024,3,ES415,Salamanca,ES,ES41
NUTS,2024,3,ES416,Segovia,ES,ES41
NUTS,2024,3,ES417,Soria,ES,ES41
NUTS,2024,3,ES418,Valladolid,ES,ES41
NUTS,2024,3,ES419,Zamora,ES,ES41
NUTS,2024,2,ES42,Castilla-La Mancha,ES,ES4
NUTS,2024,3,ES421,Albacete,ES,ES42
NUTS,2024,3,ES422,Ciudad Real,ES,ES42
NUTS,2024,3,ES423,Cuenca,ES,ES42
NUTS,2024,3,ES424,Guadalajara,ES,ES42
NUTS,2024,3,ES425,Toledo,ES,ES42
NUTS,2024,2,ES43,Extremadura,ES,ES4
NUTS,2024,3,ES431,Badajoz,ES,ES43
NUTS,2024,3,ES432,Cáceres,ES,ES43
NUTS,2024,1,ES5,Este,ES,ES
NUTS,2024,2,ES51,Cataluña,ES,ES5
NUTS,2024,3,ES511,Barcelona,ES,ES51
NUTS,2024,3,ES512,Girona,ES,ES51
NUTS,2024,3,ES513,Lleida,ES,ES51
NUTS,2024,3,ES514,Tarragona,ES,ES51
NUTS,2024,2,ES52,Comunitat Valenciana,ES,ES5
NUTS,2024,3,ES521,Alicante/Alacant,ES,ES52
NUTS,2024,3,ES522,Castellón/Castelló,ES,ES52
NUTS,2024,3,ES523,Valencia/València,ES,ES52
NUTS,2024,2,ES53,Illes Balears,ES,ES5
NUTS,2024,3,ES531,Eivissa y Formentera,ES,ES53
NUTS,2024,3,ES532,Mallorca,ES,ES53
NUTS,2024,3,ES533,Menorca,ES,ES53
NUTS,2024,1,ES6,Sur,ES,ES
NUTS,2024,2,ES61,Andalucía,ES,ES6
NUTS,2024,3,ES611,Almería,ES,ES61
NUTS,2024,3,ES612,Cádiz,ES,ES61
NUTS,2024,3,ES613,Córdoba,ES,ES61
NUTS,2024,3,ES614,Granada,ES,ES61
NUTS,2024,3,ES615,Huelva,ES,ES61
NUTS,2024,3,ES616,Jaén,ES,ES61
NUTS,2024,3,ES617,Málaga,ES,ES61
NUTS,2024,3,ES618,Sevilla,ES,ES61
NUTS,2024,2,ES62,Región de Murcia,ES,ES6
NUTS,2024,3,ES620,Murcia,ES,ES62
NUTS,2024,2,ES63,Ciudad de Ceuta,ES,ES6
NUTS,2024,3,ES630,Ceuta,ES,ES63
NUTS,2024,2,ES64,Ciudad de Melilla,ES,ES6
NUTS,2024,3,ES640,Melilla,ES,ES64
NUTS,2024,1,ES7,Canarias,ES,ES
NUTS,2024,2,ES70,Canarias,ES,ES7
NUTS,2024,3,ES703,El Hierro,ES,ES70
NUTS,2024,3,ES704,Fuerteventura,ES,ES70
NUTS,2024,3,ES705,Gran Canaria,ES,ES70
NUTS,2024,3,ES706,La Gomera,ES,ES70
NUTS,2024,3,ES707,La Palma,ES,ES70
NUTS,2024,3,ES708,Lanzarote,ES,ES70
NUTS,2024,3,ES709,Tenerife,ES,ES70
NUTS,2024,1,FI1,Manner-Suomi,FI,FI
NUTS,2024,2,FI19,Länsi-Suomi,FI,FI1
NUTS,2024,3,FI196,Satakunta,FI,FI19
NUTS,2024,3,FI198,Keski-Suomi,FI,FI19
NUTS,2024,3,FI199,Etelä-Pohjanmaa,FI,FI19
NUTS,2024,3,FI19A,Pohjanmaa,FI,FI19
NUTS,2024,3,FI19B,Pirkanmaa,FI,FI19
NUTS,2024,2,FI1B,Helsinki-Uusimaa,FI,FI1
NUTS,2024,3,FI1B1,Helsinki-Uusimaa,FI,FI1B
NUTS,2024,2,FI1C,Etelä-Suomi,FI,FI1
NUTS,2024,3,FI1C1,Varsinais-Suomi,FI,FI1C
NUTS,2024,3,FI1C2,Kanta-Häme,FI,FI1C
NUTS,2024,3,FI1C5,Etelä-Karjala,FI,FI1C
NUTS,2024,3,FI1C6,Päijät-Häme,FI,FI1C
NUTS,2024,3,FI1C7,Kymenlaakso,FI,FI1C
NUTS,2024,2,FI1D,Pohjois- ja Itä-Suomi,FI,FI1
NUTS,2024,3,FI1D5,Keski-Pohjanmaa,FI,FI1D
NUTS,2024,3,FI1D7,Lappi,FI,FI1D
NUTS,2024,3,FI1D8,Kainuu,FI,FI1D
NUTS,2024,3,FI1D9,Pohjois-Pohjanmaa,FI,FI1D
NUTS,2024,3,FI1DA,Etelä-Savo,FI,FI1D
NUTS,2024,3,FI1DB,Pohjois-Savo,FI,FI1D
NUTS,2024,3,FI1DC,Pohjois-Karjala,FI,FI1D
NUTS,2024,1,FI2,Åland,FI,FI
NUTS,2024,2,FI20,Åland,FI,FI2
NUTS,2024,3,FI200,Åland,FI,FI20
NUTS,2024,1,FR1,Ile-de-France,FR,FR
NUTS,2024,2,FR10,Ile-de-France,FR,FR1
NUTS,2024,3,FR101,Paris,FR,FR10
NUTS,2024,3,FR102,Seine-et-Marne,FR,FR10
NUTS,2024,3,FR103,Yvelines,FR,FR10
NUTS,2024,3,FR104,Essonne,FR,FR10
NUTS,2024,3,FR105,Hauts-de-Seine,FR,FR10
NUTS,2024,3,FR106,Seine-Saint-Denis,FR,FR10
NUTS,2024,3,FR107,Val-de-Marne,FR,FR10
NUTS,2024,3,FR108,Val-d’Oise,FR,FR10
NUTS,2024,1,FRB,Centre — Val de Loire,FR,FR
NUTS,2024,2,FRB0,Centre — Val de Loire,FR,FRB
NUTS,2024,3,FRB01,Cher,FR,FRB0
NUTS,2024,3,FRB02,Eure-et-Loir,FR,FRB0
NUTS,2024,3,FRB03,Indre,FR,FRB0
NUTS,2024,3,FRB04,Indre-et-Loire,FR,FRB0
NUTS,2024,3,FRB05,Loir-et-Cher,FR,FRB0
NUTS,2024,3,FRB06,Loiret,FR,FRB0
NUTS,2024,1,FRC,Bourgogne-Franche-Comté,FR,FR
NUTS,2024,2,FRC1,Bourgogne,FR,FRC
NUTS,2024,3,FRC11,Côte-d’Or,FR,FRC1
NUTS,2024,3,FRC12,Nièvre,FR,FRC1
NUTS,2024,3,FRC13,Saône-et-Loire,FR,FRC1
NUTS,2024,3,FRC14,Yonne,FR,FRC1
NUTS,2024,2,FRC2,Franche-Comté,FR,FRC
NUTS,2024,3,FRC21,Doubs,FR,FRC2
NUTS,2024,3,FRC22,Jura,FR,FRC2
NUTS,2024,3,FRC23,Haute-Saône,FR,FRC2
NUTS,2024,3,FRC24,Territoire de Belfort,FR,FRC2
NUTS,2024,1,FRD,Normandie,FR,FR
NUTS,2024,2,FRD1,Basse-Normandie,FR,FRD
NUTS,2024,3,FRD11,Calvados,FR,FRD1
NUTS,2024,3,FRD12,Manche,FR,FRD1
NUTS,2024,3,FRD13,Orne,FR,FRD1
NUTS,2024,2,FRD2,Haute-Normandie,FR,FRD
NUTS,2024,3,FRD21,Eure,FR,FRD2
NUTS,2024,3,FRD22,Seine-Maritime,FR,FRD2
NUTS,2024,1,FRE,Hauts-de-France,FR,FR
NUTS,2024,2,FRE1,Nord-Pas de Calais,FR,FRE
NUTS,2024,3,FRE11,Nord,FR,FRE1
NUTS,2024,3,FRE12,Pas-de-Calais,FR,FRE1
NUTS,2024,2,FRE2,Picardie,FR,FRE
NUTS,2024,3,FRE21,Aisne,FR,FRE2
NUTS,2024,3,FRE22,Oise,FR,FRE2
NUTS,2024,3,FRE23,Somme,FR,FRE2
NUTS,2024,1,FRF,Grand Est,FR,FR
NUTS,2024,2,FRF1,Alsace,FR,FRF
NUTS,2024,3,FRF11,Bas-Rhin,FR,FRF1
NUTS,2024,3,FRF12,Haut-Rhin,FR,FRF1
NUTS,2024,2,FRF2,Champagne-Ardenne,FR,FRF
NUTS,2024,3,FRF21,Ardennes,FR,FRF2
NUTS,2024,3,FRF22,Aube,FR,FRF2
NUTS,2024,3,FRF23,Marne,FR,FRF2
NUTS,2024,3,FRF24,Haute-Marne,FR,FRF2
NUTS,2024,2,FRF3,Lorraine,FR,FRF
NUTS,2024,3,FRF31,Meurthe-et-Moselle,FR,FRF3
NUTS,2024,3,FRF32,Meuse,FR,FRF3
NUTS,2024,3,FRF33,Moselle,FR,FRF3
NUTS,2024,3,FRF34,Vosges,FR,FRF3
NUTS,2024,1,FRG,Pays de la Loire,FR,FR
NUTS,2024,2,FRG0,Pays de la Loire,FR,FRG
NUTS,2024,3,FRG01,Loire-Atlantique,FR,FRG0
NUTS,2024,3,FRG02,Maine-et-Loire,FR,FRG0
NUTS,2024,3,FRG03,Mayenne,FR,FRG0
NUTS,2024,3,FRG04,Sarthe,FR,FRG0
NUTS,2024,3,FRG05,Vendée,FR,FRG0
NUTS,2024,1,FRH,Bretagne,FR,FR
NUTS,2024,2,FRH0,Bretagne,FR,FRH
NUTS,2024,3,FRH01,Côtes-d’Armor,FR,FRH0
NUTS,2024,3,FRH02,Finistère,FR,FRH0
NUTS,2024,3,FRH03,Ille-et-Vilaine,FR,FRH0
NUTS,2024,3,FRH04,Morbihan,FR,FRH0
NUTS,2024,1,FRI,Nouvelle-Aquitaine,FR,FR
NUTS,2024,2,FRI1,Aquitaine,FR,FRI
NUTS,2024,3,FRI11,Dordogne,FR,FRI1
NUTS,2024,3,FRI12,Gironde,FR,FRI1
NUTS,2024,3,FRI13,Landes,FR,FRI1
NUTS,2024,3,FRI14,Lot-et-Garonne,FR,FRI1
NUTS,2024,3,FRI15,Pyrénées-Atlantiques,FR,FRI1
NUTS,2024,2,FRI2,Limousin,FR,FRI
NUTS,2024,3,FRI21,Corrèze,FR,FRI2
NUTS,2024,3,FRI22,Creuse,FR,FRI2
NUTS,2024,3,FRI23,Haute-Vienne,FR,FRI2
NUTS,2024,2,FRI3,Poitou-Charentes,FR,FRI
NUTS,2024,3,FRI31,Charente,FR,FRI3
NUTS,2024,3,FRI32,Charente-Maritime,FR,FRI3
NUTS,2024,3,FRI33,Deux-Sèvres,FR,FRI3
NUTS,2024,3,FRI34,Vienne,FR,FRI3
NUTS,2024,1,FRJ,Occitanie,FR,FR
NUTS,2024,2,FRJ1,Languedoc-Roussillon,FR,FRJ
NUTS,2024,3,FRJ11,Aude,FR,FRJ1
NUTS,2024,3,FRJ12,Gard,FR,FRJ1
NUTS,2024,3,FRJ13,Hérault,FR,FRJ1
NUTS,2024,3,FRJ14,Lozère,FR,FRJ1
NUTS,2024,3,FRJ15,Pyrénées-Orientales,FR,FRJ1
NUTS,2024,2,FRJ2,Midi-Pyrénées,FR,FRJ
NUTS,2024,3,FRJ21,Ariège,FR,FRJ2
NUTS,2024,3,FRJ22,Aveyron,FR,FRJ2
NUTS,2024,3,FRJ23,Haute-Garonne,FR,FRJ2
NUTS,2024,3,FRJ24,Gers,FR,FRJ2
NUTS,2024,3,FRJ25,Lot,FR,FRJ2
NUTS,2024,3,FRJ26,Hautes-Pyrénées,FR,FRJ2
NUTS,2024,3,FRJ27,Tarn,FR,FRJ2
NUTS,2024,3,FRJ28,Tarn-et-Garonne,FR,FRJ2
NUTS,2024,1,FRK,Auvergne-Rhône-Alpes,FR,FR
NUTS,2024,2,FRK1,Auvergne,FR,FRK
NUTS,2024,3,FRK11,Allier,FR,FRK1
NUTS,2024,3,FRK12,Cantal,FR,FRK1
NUTS,2024,3,FRK13,Haute-Loire,FR,FRK1
NUTS,2024,3,FRK14,Puy-de-Dôme,FR,FRK1
NUTS,2024,2,FRK2,Rhône-Alpes,FR,FRK
NUTS,2024,3,FRK21,Ain,FR,FRK2
NUTS,2024,3,FRK22,Ardèche,FR,FRK2
NUTS,2024,3,FRK23,Drôme,FR,FRK2
NUTS,2024,3,FRK24,Isère,FR,FRK2
NUTS,2024,3,FRK25,Loire,FR,FRK2
NUTS,2024,3,FRK26,Rhône,FR,FRK2
NUTS,2024,3,FRK27,Savoie,FR,FRK2
NUTS,2024,3,FRK28,Haute-Savoie,FR,FRK2
NUTS,2024,1,FRL,Provence-Alpes-Côte d’Azur,FR,FR
NUTS,2024,2,FRL0,Provence-Alpes-Côte d’Azur,FR,FRL
NUTS,2024,3,FRL01,Alpes-de-Haute-Provence,FR,FRL0
NUTS,2024,3,FRL02,Hautes-Alpes,FR,FRL0
NUTS,2024,3,FRL03,Alpes-Maritimes,FR,FRL0
NUTS,2024,3,FRL04,Bouches-du-Rhône,FR,FRL0
NUTS,2024,3,FRL05,Var,FR,FRL0
NUTS,2024,3,FRL06,Vaucluse,FR,FRL0
NUTS,2024,1,FRM,Corse,FR,FR
NUTS,2024,2,FRM0,Corse,FR,FRM
NUTS,2024,3,FRM01,Corse-du-Sud,FR,FRM0
NUTS,2024,3,FRM02,Haute-Corse,FR,FRM0
NUTS,2024,1,FRY,RUP FR — Régions Ultrapériphériques Françaises,FR,FR
NUTS,2024,2,FRY1,Guadeloupe,FR,FRY
NUTS,2024,3,FRY10,Guadeloupe,FR,FRY1
NUTS,2024,2,FRY2,Martinique,FR,FRY
NUTS,2024,3,FRY20,Martinique,FR,FRY2
NUTS,2024,2,FRY3,Guyane,FR,FRY
NUTS,2024,3,FRY30,Guyane,FR,FRY3
NUTS,2024,2,FRY4,La Réunion,FR,FRY
NUTS,2024,3,FRY40,La Réunion,FR,FRY4
NUTS,2024,2,FRY5,Mayotte,FR,FRY
NUTS,2024,3,FRY50,Mayotte,FR,FRY5
NUTS,2024,1,HR0,Hrvatska,HR,HR
NUTS,2024,2,HR02,Panonska Hrvatska,HR,HR0
NUTS,2024,3,HR021,Bjelovarsko-bilogorska županija,HR,HR02
NUTS,2024,3,HR022,Virovitičko-podravska županija,HR,HR02
NUTS,2024,3,HR023,Požeško-slavonska županija,HR,HR02
NUTS,2024,3,HR024,Brodsko-posavska županija,HR,HR02
NUTS,2024,3,HR025,Osječko-baranjska županija,HR,HR02
NUTS,2024,3,HR026,Vukovarsko-srijemska županija,HR,HR02
NUTS,2024,3,HR027,Karlovačka županija,HR,HR02
NUTS,2024,3,HR028,Sisačko-moslavačka županija,HR,HR02
NUTS,2024,2,HR03,Jadranska Hrvatska,HR,HR0
NUTS,2024,3,HR031,Primorsko-goranska županija,HR,HR03
NUTS,2024,3,HR032,Ličko-senjska županija,HR,HR03
NUTS,2024,3,HR033,Zadarska županija,HR,HR03
NUTS,2024,3,HR034,Šibensko-kninska županija,HR,HR03
NUTS,2024,3,HR035,Splitsko-dalmatinska županija,HR,HR03
NUTS,2024,3,HR036,Istarska županija,HR,HR03
NUTS,2024,3,HR037,Dubrovačko-neretvanska županija,HR,HR03
NUTS,2024,2,HR05,Grad Zagreb,HR,HR0
NUTS,2024,3,HR050,Grad Zagreb,HR,HR05
NUTS,2024,2,HR06,Sjeverna Hrvatska,HR,HR0
NUTS,2024,3,HR061,Međimurska županija,HR,HR06
NUTS,2024,3,HR062,Varaždinska županija,HR,HR06
NUTS,2024,3,HR063,Koprivničko-križevačka županija,HR,HR06
NUTS,2024,3,HR064,Krapinsko-zagorska županija,HR,HR06
NUTS,2024,3,HR065,Zagrebačka županija,HR,HR06
NUTS,2024,1,HU1,Közép-Magyarország,HU,HU
NUTS,2024,2,HU11,Budapest,HU,HU1
NUTS,2024,3,HU110,Budapest,HU,HU11
NUTS,2024,2,HU12,Pest,HU,HU1
NUTS,2024,3,HU120,Pest,HU,HU12
NUTS,2024,1,HU2,Dunántúl,HU,HU
NUTS,2024,2,HU21,Közép-Dunántúl,HU,HU2
NUTS,2024,3,HU211,Fejér,HU,HU21
NUTS,2024,3,HU212,Komárom-Esztergom,HU,HU21
NUTS,2024,3,HU213,Veszprém,HU,HU21
NUTS,2024,2,HU22,Nyugat-Dunántúl,HU,HU2
NUTS,2024,3,HU221,Győr-Moson-Sopron,HU,HU22
NUTS,2024,3,HU222,Vas,HU,HU22
NUTS,2024,3,HU223,Zala,HU,HU22
NUTS,2024,2,HU23,Dél-Dunántúl,HU,HU2
NUTS,2024,3,HU231,Baranya,HU,HU23
NUTS,2024,3,HU232,Somogy,HU,HU23
NUTS,2024,3,HU233,Tolna,HU,HU23
NUTS,2024,1,HU3,Alföld és Észak,HU,HU
NUTS,2024,2,HU31,Észak-Magyarország,HU,HU3
NUTS,2024,3,HU311,Borsod-Abaúj-Zemplén,HU,HU31
NUTS,2024,3,HU312,Heves,HU,HU31
NUTS,2024,3,HU313,Nógrád,HU,HU31
NUTS,2024,2,HU32,Észak-Alföld,HU,HU3
NUTS,2024,3,HU321,Hajdú-Bihar,HU,HU32
NUTS,2024,3,HU322,Jász-Nagykun-Szolnok,HU,HU32
NUTS,2024,3,HU323,Szabolcs-Szatmár-Bereg,HU,HU32
NUTS,2024,2,HU33,Dél-Alföld,HU,HU3
NUTS,2024,3,HU331,Bács-Kiskun,HU,HU33
NUTS,2024,3,HU332,Békés,HU,HU33
NUTS,2024,3,HU333,Csongrád-Csanád,HU,HU33
NUTS,2024,1,IE0,Ireland,IE,IE
NUTS,2024,2,IE04,Northern and Western,IE,IE0
NUTS,2024,3,IE041,Border,IE,IE04
NUTS,2024,3,IE042,West,IE,IE04
NUTS,2024,2,IE05,Southern,IE,IE0
NUTS,2024,3,IE051,Mid-West,IE,IE05
NUTS,2024,3,IE052,South-East,IE,IE05
NUTS,2024,3,IE053,South-West,IE,IE05
NUTS,2024,2,IE06,Eastern and Midland,IE,IE0
NUTS,2024,3,IE061,Dublin,IE,IE06
NUTS,2024,3,IE062,Mid-East,IE,IE06
NUTS,2024,3,IE063,Midland,IE,IE06
NUTS,2024,1,IS0,Ísland,IS,IS
NUTS,2024,2,IS00,Ísland,IS,IS0
NUTS,2024,3,IS001,Höfuðborgarsvæði,IS,IS00
NUTS,2024,3,IS002,Landsbyggð,IS,IS00
NUTS,2024,1,ITC,Nord-Ovest,IT,IT
NUTS,2024,2,ITC1,Piemonte,IT,ITC
NUTS,2024,3,ITC11,Torino,IT,ITC1
NUTS,2024,3,ITC12,Vercelli,IT,ITC1
NUTS,2024,3,ITC13,Biella,IT,ITC1
NUTS,2024,3,ITC14,Verbano-Cusio-Ossola,IT,ITC1
NUTS,2024,3,ITC15,Novara,IT,ITC1
NUTS,2024,3,ITC16,Cuneo,IT,ITC1
NUTS,2024,3,ITC17,Asti,IT,ITC1
NUTS,2024,3,ITC18,Alessandria,IT,ITC1
NUTS,2024,2,ITC2,Valle d’Aosta/Vallée d’Aoste,IT,ITC
NUTS,2024,3,ITC20,Valle d’Aosta/Vallée d’Aoste,IT,ITC2
NUTS,2024,2,ITC3,Liguria,IT,ITC
NUTS,2024,3,ITC31,Imperia,IT,ITC3
NUTS,2024,3,ITC32,Savona,IT,ITC3
NUTS,2024,3,ITC33,Genova,IT,ITC3
NUTS,2024,3,ITC34,La Spezia,IT,ITC3
NUTS,2024,2,ITC4,Lombardia,IT,ITC
NUTS,2024,3,ITC41,Varese,IT,ITC4
NUTS,2024,3,ITC42,Como,IT,ITC4
NUTS,2024,3,ITC43,Lecco,IT,ITC4
NUTS,2024,3,ITC44,Sondrio,IT,ITC4
NUTS,2024,3,ITC46,Bergamo,IT,ITC4
NUTS,2024,3,ITC47,Brescia,IT,ITC4
NUTS,2024,3,ITC48,Pavia,IT,ITC4
NUTS,2024,3,ITC49,Lodi,IT,ITC4
NUTS,2024,3,ITC4A,Cremona,IT,ITC4
NUTS,2024,3,ITC4B,Mantova,IT,ITC4
NUTS,2024,3,ITC4C,Milano,IT,ITC4
NUTS,2024,3,ITC4D,Monza e della Brianza,IT,ITC4
NUTS,2024,1,ITF,Sud,IT,IT
NUTS,2024,2,ITF1,Abruzzo,IT,ITF
NUTS,2024,3,ITF11,L’Aquila,IT,ITF1
NUTS,2024,3,ITF12,Teramo,IT,ITF1
NUTS,2024,3,ITF13,Pescara,IT,ITF1
NUTS,2024,3,ITF14,Chieti,IT,ITF1
NUTS,2024,2,ITF2,Molise,IT,ITF
NUTS,2024,3,ITF21,Isernia,IT,ITF2
NUTS,2024,3,ITF22,Campobasso,IT,ITF2
NUTS,2024,2,ITF3,Campania,IT,ITF
NUTS,2024,3,ITF31,Caserta,IT,ITF3
NUTS,2024,3,ITF32,Benevento,IT,ITF3
NUTS,2024,3,ITF33,Napoli,IT,ITF3
NUTS,2024,3,ITF34,Avellino,IT,ITF3
NUTS,2024,3,ITF35,Salerno,IT,ITF3
NUTS,2024,2,ITF4,Puglia,IT,ITF
NUTS,2024,3,ITF43,Taranto,IT,ITF4
NUTS,2024,3,ITF44,Brindisi,IT,ITF4
NUTS,2024,3,ITF45,Lecce,IT,ITF4
NUTS,2024,3,ITF46,Foggia,IT,ITF4
NUTS,2024,3,ITF47,Bari,IT,ITF4
NUTS,2024,3,ITF48,Barletta-Andria-Trani,IT,ITF4
NUTS,2024,2,ITF5,Basilicata,IT,ITF
NUTS,2024,3,ITF51,Potenza,IT,ITF5
NUTS,2024,3,ITF52,Matera,IT,ITF5
NUTS,2024,2,ITF6,Calabria,IT,ITF
NUTS,2024,3,ITF61,Cosenza,IT,ITF6
NUTS,2024,3,ITF62,Crotone,IT,ITF6
NUTS,2024,3,ITF63,Catanzaro,IT,ITF6
NUTS,2024,3,ITF64,Vibo Valentia,IT,ITF6
NUTS,2024,3,ITF65,Reggio Calabria,IT,ITF6
NUTS,2024,1,ITG,Isole,IT,IT
NUTS,2024,2,ITG1,Sicilia,IT,ITG
NUTS,2024,3,ITG11,Trapani,IT,ITG1
NUTS,2024,3,ITG12,Palermo,IT,ITG1
NUTS,2024,3,ITG13,Messina,IT,ITG1
NUTS,2024,3,ITG14,Agrigento,IT,ITG1
NUTS,2024,3,ITG15,Caltanissetta,IT,ITG1
NUTS,2024,3,ITG16,Enna,IT,ITG1
NUTS,2024,3,ITG17,Catania,IT,ITG1
NUTS,2024,3,ITG18,Ragusa,IT,ITG1
NUTS,2024,3,ITG19,Siracusa,IT,ITG1
NUTS,2024,2,ITG2,Sardegna,IT,ITG
NUTS,2024,3,ITG2D,Sassari,IT,ITG2
NUTS,2024,3,ITG2E,Nuoro,IT,ITG2
NUTS,2024,3,ITG2F,Cagliari,IT,ITG2
NUTS,2024,3,ITG2G,Oristano,IT,ITG2
NUTS,2024,3,ITG2H,Sud Sardegna,IT,ITG2
NUTS,2024,1,ITH,Nord-Est,IT,IT
NUTS,2024,2,ITH1,Provincia Autonoma di Bolzano/Bozen,IT,ITH
NUTS,2024,3,ITH10,Bolzano-Bozen,IT,ITH1
NUTS,2024,2,ITH2,Provincia Autonoma di Trento,IT,ITH
NUTS,2024,3,ITH20,Trento,IT,ITH2
NUTS,2024,2,ITH3,Veneto,IT,ITH
NUTS,2024,3,ITH31,Verona,IT,ITH3
NUTS,2024,3,ITH32,Vicenza,IT,ITH3
NUTS,2024,3,ITH33,Belluno,IT,ITH3
NUTS,2024,3,ITH34,Treviso,IT,ITH3
NUTS,2024,3,ITH35,Venezia,IT,ITH3
NUTS,2024,3,ITH36,Padova,IT,ITH3
NUTS,2024,3,ITH37,Rovigo,IT,ITH3
NUTS,2024,2,ITH4,Friuli-Venezia Giulia,IT,ITH
NUTS,2024,3,ITH41,Pordenone,IT,ITH4
NUTS,2024,3,ITH42,Udine,IT,ITH4
NUTS,2024,3,ITH43,Gorizia,IT,ITH4
NUTS,2024,3,ITH44,Trieste,IT,ITH4
NUTS,2024,2,ITH5,Emilia-Romagna,IT,ITH
NUTS,2024,3,ITH51,Piacenza,IT,ITH5
NUTS,2024,3,ITH52,Parma,IT,ITH5
NUTS,2024,3,ITH53,Reggio nell’Emilia,IT,ITH5
NUTS,2024,3,ITH54,Modena,IT,ITH5
NUTS,2024,3,ITH55,Bologna,IT,ITH5
NUTS,2024,3,ITH56,Ferrara,IT,ITH5
NUTS,2024,3,ITH57,Ravenna,IT,ITH5
NUTS,2024,3,ITH58,Forlì-Cesena,IT,ITH5
NUTS,2024,3,ITH59,Rimini,IT,ITH5
NUTS,2024,1,ITI,Centro (IT),IT,IT
NUTS,2024,2,ITI1,Toscana,IT,ITI
NUTS,2024,3,ITI11,Massa-Carrara,IT,ITI1
NUTS,2024,3,ITI12,Lucca,IT,ITI1
NUTS,2024,3,ITI13,Pistoia,IT,ITI1
NUTS,2024,3,ITI14,Firenze,IT,ITI1
NUTS,2024,3,ITI15,Prato,IT,ITI1
NUTS,2024,3,ITI16,Livorno,IT,ITI1
NUTS,2024,3,ITI17,Pisa,IT,ITI1
NUTS,2024,3,ITI18,Arezzo,IT,ITI1
NUTS,2024,3,ITI19,Siena,IT,ITI1
NUTS,2024,3,ITI1A,Grosseto,IT,ITI1
NUTS,2024,2,ITI2,Umbria,IT,ITI
NUTS,2024,3,ITI21,Perugia,IT,ITI2
NUTS,2024,3,ITI22,Terni,IT,ITI2
NUTS,2024,2,ITI3,Marche,IT,ITI
NUTS,2024,3,ITI31,Pesaro e Urbino,IT,ITI3
NUTS,2024,3,ITI32,Ancona,IT,ITI3
NUTS,2024,3,ITI33,Macerata,IT,ITI3
NUTS,2024,3,ITI34,Ascoli Piceno,IT,ITI3
NUTS,2024,3,ITI35,Fermo,IT,ITI3
NUTS,2024,2,ITI4,Lazio,IT,ITI
NUTS,2024,3,ITI41,Viterbo,IT,ITI4
NUTS,2024,3,ITI42,Rieti,IT,ITI4
NUTS,2024,3,ITI43,Roma,IT,ITI4
NUTS,2024,3,ITI44,Latina,IT,ITI4
NUTS,2024,3,ITI45,Frosinone,IT,ITI4
NUTS,2024,1,LI0,Liechtenstein,LI,LI
NUTS,2024,2,LI00,Liechtenstein,LI,LI0
NUTS,2024,3,LI000,Liechtenstein,LI,LI00
NUTS,2024,1,LT0,Lietuva,LT,LT
NUTS,2024,2,LT01,Sostinės regionas,LT,LT0
NUTS,2024,3,LT011,Vilniaus apskritis,LT,LT01
NUTS,2024,2,LT02,Vidurio ir vakarų Lietuvos regionas,LT,LT0
NUTS,2024,3,LT021,Alytaus apskritis,LT,LT02
NUTS,2024,3,LT022,Kauno apskritis,LT,LT02
NUTS,2024,3,LT023,Klaipėdos apskritis,LT,LT02
NUTS,2024,3,LT024,Marijampolės apskritis,LT,LT02
NUTS,2024,3,LT025,Panevėžio apskritis,LT,LT02
NUTS,2024,3,LT026,Šiaulių apskritis,LT,LT02
NUTS,2024,3,LT027,Tauragės apskritis,LT,LT02
NUTS,2024,3,LT028,Telšių apskritis,LT,LT02
NUTS,2024,3,LT029,Utenos apskritis,LT,LT02
NUTS,2024,1,LU0,Luxembourg,LU,LU
NUTS,2024,2,LU00,Luxembourg,LU,LU0
NUTS,2024,3,LU000,Luxembourg,LU,LU00
NUTS,2024,1,LV0,Latvija,LV,LV
NUTS,2024,2,LV00,Latvija,LV,LV0
NUTS,2024,3,LV005,Latgale,LV,LV00
NUTS,2024,3,LV009,Zemgale,LV,LV00
NUTS,2024,3,LV00A,Rīga,LV,LV00
NUTS,2024,3,LV00B,Kurzeme,LV,LV00
NUTS,2024,3,LV00C,Vidzeme,LV,LV00
NUTS,2024,1,ME0,Crna Gora,ME,ME
NUTS,2024,2,ME00,Crna Gora,ME,ME0
NUTS,2024,3,ME000,Crna Gora,ME,ME00
NUTS,2024,1,MK0,Severna Makedonija,MK,MK
NUTS,2024,2,MK00,Severna Makedonija,MK,MK0
NUTS,2024,3,MK001,Vardarski,MK,MK00
NUTS,2024,3,MK002,Istočen,MK,MK00
NUTS,2024,3,MK003,Jugozapaden,MK,MK00
NUTS,2024,3,MK004,Jugoistočen,MK,MK00
NUTS,2024,3,MK005,Pelagoniski,MK,MK00
NUTS,2024,3,MK006,Pološki,MK,MK00
NUTS,2024,3,MK007,Severoistočen,MK,MK00
NUTS,2024,3,MK008,Skopski,MK,MK00
NUTS,2024,1,MT0,Malta,MT,MT
NUTS,2024,2,MT00,Malta,MT,MT0
NUTS,2024,3,MT001,Malta,MT,MT00
NUTS,2024,3,MT002,Gozo and Comino/Għawdex u Kemmuna,MT,MT00
NUTS,2024,1,NL1,Noord-Nederland,NL,NL
NUTS,2024,2,NL11,Groningen,NL,NL1
NUTS,2024,3,NL112,Delfzijl en omgeving,NL,NL11
NUTS,2024,3,NL114,Oost-Groningen,NL,NL11
NUTS,2024,3,NL115,Overig Groningen,NL,NL11
NUTS,2024,2,NL12,Friesland (NL),NL,NL1
NUTS,2024,3,NL126,Zuidoost-Friesland,NL,NL12
NUTS,2024,3,NL127,Noord-Friesland,NL,NL12
NUTS,2024,3,NL128,Zuidwest-Friesland,NL,NL12
NUTS,2024,2,NL13,Drenthe,NL,NL1
NUTS,2024,3,NL131,Noord-Drenthe,NL,NL13
NUTS,2024,3,NL132,Zuidoost-Drenthe,NL,NL13
NUTS,2024,3,NL133,Zuidwest-Drenthe,NL,NL13
NUTS,2024,1,NL2,Oost-Nederland,NL,NL
NUTS,2024,2,NL21,Overijssel,NL,NL2
NUTS,2024,3,NL211,Noord-Overijssel,NL,NL21
NUTS,2024,3,NL212,Zuidwest-Overijssel,NL,NL21
NUTS,2024,3,NL213,Twente,NL,NL21
NUTS,2024,2,NL22,Gelderland,NL,NL2
NUTS,2024,3,NL221,Veluwe,NL,NL22
NUTS,2024,3,NL224,Zuidwest-Gelderland,NL,NL22
NUTS,2024,3,NL225,Achterhoek,NL,NL22
NUTS,2024,3,NL226,Arnhem/Nijmegen,NL,NL22
NUTS,2024,2,NL23,Flevoland,NL,NL2
NUTS,2024,3,NL230,Flevoland,NL,NL23
NUTS,2024,1,NL3,West-Nederland,NL,NL
NUTS,2024,2,NL32,Noord-Holland,NL,NL3
NUTS,2024,3,NL321,Kop van Noord-Holland,NL,NL32
NUTS,2024,3,NL323,IJmond,NL,NL32
NUTS,2024,3,NL325,Zaanstreek,NL,NL32
NUTS,2024,3,NL327,Het Gooi en Vechtstreek,NL,NL32
NUTS,2024,3,NL328,Alkmaar en omgeving,NL,NL32
NUTS,2024,3,NL32A,Agglomeratie Haarlem,NL,NL32
NUTS,2024,3,NL32B,Groot-Amsterdam,NL,NL32
NUTS,2024,2,NL34,Zeeland,NL,NL3
NUTS,2024,3,NL341,Zeeuwsch-Vlaanderen,NL,NL34
NUTS,2024,3,NL342,Overig Zeeland,NL,NL34
NUTS,2024,2,NL35,Utrecht,NL,NL3
NUTS,2024,3,NL350,Utrecht,NL,NL35
NUTS,2024,2,NL36,Zuid-Holland,NL,NL3
NUTS,2024,3,NL361,Agglomeratie ’s-Gravenhage,NL,NL36
NUTS,2024,3,NL362,Delft en Westland,NL,NL36
NUTS,2024,3,NL363,Agglomeratie Leiden en Bollenstreek,NL,NL36
NUTS,2024,3,NL364,Zuidoost-Zuid-Holland,NL,NL36
NUTS,2024,3,NL365,Oost-Zuid-Holland,NL,NL36
NUTS,2024,3,NL366,Groot-Rijnmond,NL,NL36
NUTS,2024,1,NL4,Zuid-Nederland,NL,NL
NUTS,2024,2,NL41,Noord-Brabant,NL,NL4
NUTS,2024,3,NL411,West-Noord-Brabant,NL,NL41
NUTS,2024,3,NL414,Zuidoost-Noord-Brabant,NL,NL41
NUTS,2024,3,NL415,Midden-Noord-Brabant,NL,NL41
NUTS,2024,3,NL416,Noordoost-Noord-Brabant,NL,NL41
NUTS,2024,2,NL42,Limburg (NL),NL,NL4
NUTS,2024,3,NL421,Noord-Limburg,NL,NL42
NUTS,2024,3,NL422,Midden-Limburg,NL,NL42
NUTS,2024,3,NL423,Zuid-Limburg,NL,NL42
NUTS,2024,1,NO0,Norge,NO,NO
NUTS,2024,2,NO02,Innlandet,NO,NO0
NUTS,2024,3,NO020,Innlandet,NO,NO02
NUTS,2024,2,NO06,Trøndelag/Trööndelage,NO,NO0
NUTS,2024,3,NO060,Trøndelag/Trööndelage,NO,NO06
NUTS,2024,2,NO07,Nord-Norge,NO,NO0
NUTS,2024,3,NO071,Nordland/Nordlánnda,NO,NO07
NUTS,2024,3,NO072,Troms/Romsa/Tromssa,NO,NO07
NUTS,2024,3,NO073,Finnmark/Finnmárku/Finmarkku,NO,NO07
NUTS,2024,2,NO08,Oslo og Viken,NO,NO0
NUTS,2024,3,NO081,Oslo,NO,NO08
NUTS,2024,3,NO083,Østfold,NO,NO08
NUTS,2024,3,NO084,Akershus,NO,NO08
NUTS,2024,3,NO085,Buskerud,NO,NO08
NUTS,2024,2,NO09,Agder og Sør-Østlandet,NO,NO0
NUTS,2024,3,NO092,Agder,NO,NO09
NUTS,2024,3,NO093,Vestfold,NO,NO09
NUTS,2024,3,NO094,Telemark,NO,NO09
NUTS,2024,2,NO0A,Vestlandet,NO,NO0
NUTS,2024,3,NO0A1,Rogaland,NO,NO0A
NUTS,2024,3,NO0A2,Vestland,NO,NO0A
NUTS,2024,3,NO0A3,Møre og Romsdal,NO,NO0A
NUTS,2024,2,NO0B,Svalbard og Jan Mayen,NO,NO0
NUTS,2024,3,NO0B1,Jan Mayen,NO,NO0B
NUTS,2024,3,NO0B2,Svalbard,NO,NO0B
NUTS,2024,1,PL2,Makroregion południowy,PL,PL
NUTS,2024,2,PL21,Małopolskie,PL,PL2
NUTS,2024,3,PL213,Miasto Kraków,PL,PL21
NUTS,2024,3,PL214,Krakowski,PL,PL21
NUTS,2024,3,PL217,Tarnowski,PL,PL21
NUTS,2024,3,PL218,Nowosądecki,PL,PL21
NUTS,2024,3,PL219,Nowotarski,PL,PL21
NUTS,2024,3,PL21A,Oświęcimski,PL,PL21
NUTS,2024,2,PL22,Śląskie,PL,PL2
NUTS,2024,3,PL224,Częstochowski,PL,PL22
NUTS,2024,3,PL225,Bielski,PL,PL22
NUTS,2024,3,PL227,Rybnicki,PL,PL22
NUTS,2024,3,PL228,Bytomski,PL,PL22
NUTS,2024,3,PL229,Gliwicki,PL,PL22
NUTS,2024,3,PL22A,Katowicki,PL,PL22
NUTS,2024,3,PL22B,Sosnowiecki,PL,PL22
NUTS,2024,3,PL22C,Tyski,PL,PL22
NUTS,2024,1,PL4,Makroregion północno-zachodni,PL,PL
NUTS,2024,2,PL41,Wielkopolskie,PL,PL4
NUTS,2024,3,PL411,Pilski,PL,PL41
NUTS,2024,3,PL414,Koniński,PL,PL41
NUTS,2024,3,PL415,Miasto Poznań,PL,PL41
NUTS,2024,3,PL416,Kaliski,PL,PL41
NUTS,2024,3,PL417,Leszczyński,PL,PL41
NUTS,2024,3,PL418,Poznański,PL,PL41
NUTS,2024,2,PL42,Zachodniopomorskie,PL,PL4
NUTS,2024,3,PL424,Miasto Szczecin,PL,PL42
NUTS,2024,3,PL426,Koszaliński,PL,PL42
NUTS,2024,3,PL427,Szczecinecko-pyrzycki,PL,PL42
NUTS,2024,3,PL428,Szczeciński,PL,PL42
NUTS,2024,2,PL43,Lubuskie,PL,PL4
NUTS,2024,3,PL431,Gorzowski,PL,PL43
NUTS,2024,3,PL432,Zielonogórski,PL,PL43
NUTS,2024,1,PL5,Makroregion południowo-zachodni,PL,PL
NUTS,2024,2,PL51,Dolnośląskie,PL,PL5
NUTS,2024,3,PL514,Miasto Wrocław,PL,PL51
NUTS,2024,3,PL515,Jeleniogórski,PL,PL51
NUTS,2024,3,PL516,Legnicko-głogowski,PL,PL51
NUTS,2024,3,PL517,Wałbrzyski,PL,PL51
NUTS,2024,3,PL518,Wrocławski,PL,PL51
NUTS,2024,2,PL52,Opolskie,PL,PL5
NUTS,2024,3,PL523,Nyski,PL,PL52
NUTS,2024,3,PL524,Opolski,PL,PL52
NUTS,2024,1,PL6,Makroregion północny,PL,PL
NUTS,2024,2,PL61,Kujawsko-pomorskie,PL,PL6
NUTS,2024,3,PL613,Bydgosko-toruński,PL,PL61
NUTS,2024,3,PL616,Grudziądzki,PL,PL61
NUTS,2024,3,PL617,Inowrocławski,PL,PL61
NUTS,2024,3,PL618,Świecki,PL,PL61
NUTS,2024,3,PL619,Włocławski,PL,PL61
NUTS,2024,2,PL62,Warmińsko-mazurskie,PL,PL6
NUTS,2024,3,PL621,Elbląski,PL,PL62
NUTS,2024,3,PL622,Olsztyński,PL,PL62
NUTS,2024,3,PL623,Ełcki,PL,PL62
NUTS,2024,2,PL63,Pomorskie,PL,PL6
NUTS,2024,3,PL633,Trójmiejski,PL,PL63
NUTS,2024,3,PL634,Gdański,PL,PL63
NUTS,2024,3,PL636,Słupski,PL,PL63
NUTS,2024,3,PL637,Chojnicki,PL,PL63
NUTS,2024,3,PL638,Starogardzki,PL,PL63
NUTS,2024,1,PL7,Makroregion centralny,PL,PL
NUTS,2024,2,PL71,Łódzkie,PL,PL7
NUTS,2024,3,PL711,Miasto Łódź,PL,PL71
NUTS,2024,3,PL712,Łódzki,PL,PL71
NUTS,2024,3,PL713,Piotrkowski,PL,PL71
NUTS,2024,3,PL714,Sieradzki,PL,PL71
NUTS,2024,3,PL715,Skierniewicki,PL,PL71
NUTS,2024,2,PL72,Świętokrzyskie,PL,PL7
NUTS,2024,3,PL721,Kielecki,PL,PL72
NUTS,2024,3,PL722,Sandomiersko-jędrzejowski,PL,PL72
NUTS,2024,1,PL8,Makroregion wschodni,PL,PL
NUTS,2024,2,PL81,Lubelskie,PL,PL8
NUTS,2024,3,PL811,Bialski,PL,PL81
NUTS,2024,3,PL812,Chełmsko-zamojski,PL,PL81
NUTS,2024,3,PL814,Lubelski,PL,PL81
NUTS,2024,3,PL815,Puławski,PL,PL81
NUTS,2024,2,PL82,Podkarpackie,PL,PL8
NUTS,2024,3,PL821,Krośnieński,PL,PL82
NUTS,2024,3,PL822,Przemyski,PL,PL82
NUTS,2024,3,PL823,Rzeszowski,PL,PL82
NUTS,2024,3,PL824,Tarnobrzeski,PL,PL82
NUTS,2024,2,PL84,Podlaskie,PL,PL8
NUTS,2024,3,PL841,Białostocki,PL,PL84
NUTS,2024,3,PL842,Łomżyński,PL,PL84
NUTS,2024,3,PL843,Suwalski,PL,PL84
NUTS,2024,1,PL9,Makroregion województwo mazowieckie,PL,PL
NUTS,2024,2,PL91,Warszawski stołeczny,PL,PL9
NUTS,2024,3,PL911,Miasto Warszawa,PL,PL91
NUTS,2024,3,PL912,Warszawski wschodni,PL,PL91
NUTS,2024,3,PL913,Warszawski zachodni,PL,PL91
NUTS,2024,2,PL92,Mazowiecki regionalny,PL,PL9
NUTS,2024,3,PL921,Radomski,PL,PL92
NUTS,2024,3,PL922,Ciechanowski,PL,PL92
NUTS,2024,3,PL923,Płocki,PL,PL92
NUTS,2024,3,PL924,Ostrołęcki,PL,PL92
NUTS,2024,3,PL925,Siedlecki,PL,PL92
NUTS,2024,3,PL926,Żyrardowski,PL,PL92
NUTS,2024,1,PT1,Continente,PT,PT
NUTS,2024,2,PT11,Norte,PT,PT1
NUTS,2024,3,PT111,Alto Minho,PT,PT11
NUTS,2024,3,PT112,Cávado,PT,PT11
NUTS,2024,3,PT119,Ave,PT,PT11
NUTS,2024,3,PT11A,Área Metropolitana do Porto,PT,PT11
NUTS,2024,3,PT11B,Alto Tâmega e Barroso,PT,PT11
NUTS,2024,3,PT11C,Tâmega e Sousa,PT,PT11
NUTS,2024,3,PT11D,Douro,PT,PT11
NUTS,2024,3,PT11E,Terras de Trás-os-Montes,PT,PT11
NUTS,2024,2,PT15,Algarve,PT,PT1
NUTS,2024,3,PT150,Algarve,PT,PT15
NUTS,2024,2,PT19,Centro (PT),PT,PT1
NUTS,2024,3,PT191,Região de Aveiro,PT,PT19
NUTS,2024,3,PT192,Região de Coimbra,PT,PT19
NUTS,2024,3,PT193,Região de Leiria,PT,PT19
NUTS,2024,3,PT194,Viseu Dão Lafões,PT,PT19
NUTS,2024,3,PT195,Beira Baixa,PT,PT19
NUTS,2024,3,PT196,Beiras e Serra da Estrela,PT,PT19
NUTS,2024,2,PT1A,Grande Lisboa,PT,PT1
NUTS,2024,3,PT1A0,Grande Lisboa,PT,PT1A
NUTS,2024,2,PT1B,Península de Setúbal,PT,PT1
NUTS,2024,3,PT1B0,Península de Setúbal,PT,PT1B
NUTS,2024,2,PT1C,Alentejo,PT,PT1
NUTS,2024,3,PT1C1,Alentejo Litoral,PT,PT1C
NUTS,2024,3,PT1C2,Baixo Alentejo,PT,PT1C
NUTS,2024,3,PT1C3,Alto Alentejo,PT,PT1C
NUTS,2024,3,PT1C4,Alentejo Central,PT,PT1C
NUTS,2024,2,PT1D,Oeste e Vale do Tejo,PT,PT1
NUTS,2024,3,PT1D1,Oeste,PT,PT1D
NUTS,2024,3,PT1D2,Médio Tejo,PT,PT1D
NUTS,2024,3,PT1D3,Lezíria do Tejo,PT,PT1D
NUTS,2024,1,PT2,Região Autónoma dos Açores,PT,PT
NUTS,2024,2,PT20,Região Autónoma dos Açores,PT,PT2
NUTS,2024,3,PT200,Região Autónoma dos Açores,PT,PT20
NUTS,2024,1,PT3,Região Autónoma da Madeira,PT,PT
NUTS,2024,2,PT30,Região Autónoma da Madeira,PT,PT3
NUTS,2024,3,PT300,Região Autónoma da Madeira,PT,PT30
NUTS,2024,1,RO1,Macroregiunea Unu,RO,RO
NUTS,2024,2,RO11,Nord-Vest,RO,RO1
NUTS,2024,3,RO111,Bihor,RO,RO11
NUTS,2024,3,RO112,Bistriţa-Năsăud,RO,RO11
NUTS,2024,3,RO113,Cluj,RO,RO11
NUTS,2024,3,RO114,Maramureş,RO,RO11
NUTS,2024,3,RO115,Satu Mare,RO,RO11
NUTS,2024,3,RO116,Sălaj,RO,RO11
NUTS,2024,2,RO12,Centru,RO,RO1
NUTS,2024,3,RO121,Alba,RO,RO12
NUTS,2024,3,RO122,Braşov,RO,RO12
NUTS,2024,3,RO123,Covasna,RO,RO12
NUTS,2024,3,RO124,Harghita,RO,RO12
NUTS,2024,3,RO125,Mureş,RO,RO12
NUTS,2024,3,RO126,Sibiu,RO,RO12
NUTS,2024,1,RO2,Macroregiunea Doi,RO,RO
NUTS,2024,2,RO21,Nord-Est,RO,RO2
NUTS,2024,3,RO211,Bacău,RO,RO21
NUTS,2024,3,RO212,Botoşani,RO,RO21
NUTS,2024,3,RO213,Iaşi,RO,RO21
NUTS,2024,3,RO214,Neamţ,RO,RO21
NUTS,2024,3,RO215,Suceava,RO,RO21
NUTS,2024,3,RO216,Vaslui,RO,RO21
NUTS,2024,2,RO22,Sud-Est,RO,RO2
NUTS,2024,3,RO221,Brăila,RO,RO22
NUTS,2024,3,RO222,Buzău,RO,RO22
NUTS,2024,3,RO223,Constanţa,RO,RO22
NUTS,2024,3,RO224,Galaţi,RO,RO22
NUTS,2024,3,RO225,Tulcea,RO,RO22
NUTS,2024,3,RO226,Vrancea,RO,RO22
NUTS,2024,1,RO3,Macroregiunea Trei,RO,RO
NUTS,2024,2,RO31,Sud-Muntenia,RO,RO3
NUTS,2024,3,RO311,Argeş,RO,RO31
NUTS,2024,3,RO312,Călăraşi,RO,RO31
NUTS,2024,3,RO313,Dâmboviţa,RO,RO31
NUTS,2024,3,RO314,Giurgiu,RO,RO31
NUTS,2024,3,RO315,Ialomiţa,RO,RO31
NUTS,2024,3,RO316,Prahova,RO,RO31
NUTS,2024,3,RO317,Teleorman,RO,RO31
NUTS,2024,2,RO32,Bucureşti-Ilfov,RO,RO3
NUTS,2024,3,RO321,Bucureşti,RO,RO32
NUTS,2024,3,RO322,Ilfov,RO,RO32
NUTS,2024,1,RO4,Macroregiunea Patru,RO,RO
NUTS,2024,2,RO41,Sud-Vest Oltenia,RO,RO4
NUTS,2024,3,RO411,Dolj,RO,RO41
NUTS,2024,3,RO412,Gorj,RO,RO41
NUTS,2024,3,RO413,Mehedinţi,RO,RO41
NUTS,2024,3,RO414,Olt,RO,RO41
NUTS,2024,3,RO415,Vâlcea,RO,RO41
NUTS,2024,2,RO42,Vest,RO,RO4
NUTS,2024,3,RO421,Arad,RO,RO42
NUTS,2024,3,RO422,Caraş-Severin,RO,RO42
NUTS,2024,3,RO423,Hunedoara,RO,RO42
NUTS,2024,3,RO424,Timiş,RO,RO42
NUTS,2024,1,RS1,Serbia - sever,RS,RS
NUTS,2024,2,RS11,City of Belgrade,RS,RS1
NUTS,2024,3,RS110,City of Belgrade,RS,RS11
NUTS,2024,2,RS12,Autonomous Province of Vojvodina,RS,RS1
NUTS,2024,3,RS121,Zapadnobačka oblast,RS,RS12
NUTS,2024,3,RS122,Južnobanatska oblast,RS,RS12
NUTS,2024,3,RS123,Južnobačka oblast,RS,RS12
NUTS,2024,3,RS124,Severnobanatska oblast,RS,RS12
NUTS,2024,3,RS125,Severnobačka oblast,RS,RS12
NUTS,2024,3,RS126,Srednjobanatska oblast,RS,RS12
NUTS,2024,3,RS127,Sremska oblast,RS,RS12
NUTS,2024,1,RS2,Serbia - jug,RS,RS
NUTS,2024,2,RS21,Region Šumadije i Zapadne Srbije,RS,RS2
NUTS,2024,3,RS211,Zlatiborska oblast,RS,RS21
NUTS,2024,3,RS212,Kolubarska oblast,RS,RS21
NUTS,2024,3,RS213,Mačvanska oblast,RS,RS21
NUTS,2024,3,RS214,Moravička oblast,RS,RS21
NUTS,2024,3,RS215,Pomoravska oblast,RS,RS21
NUTS,2024,3,RS216,Rasinska oblast,RS,RS21
NUTS,2024,3,RS217,Raška oblast,RS,RS21
NUTS,2024,3,RS218,Šumadijska oblast,RS,RS21
NUTS,2024,2,RS22,Region Južne i Istočne Srbije,RS,RS2
NUTS,2024,3,RS221,Borska oblast,RS,RS22
NUTS,2024,3,RS222,Braničevska oblast,RS,RS22
NUTS,2024,3,RS223,Zaječarska oblast,RS,RS22
NUTS,2024,3,RS224,Jablanička oblast,RS,RS22
NUTS,2024,3,RS225,Nišavska oblast,RS,RS22
NUTS,2024,3,RS226,Pirotska oblast,RS,RS22
NUTS,2024,3,RS227,Podunavska oblast,RS,RS22
NUTS,2024,3,RS228,Pčinjska oblast,RS,RS22
NUTS,2024,3,RS229,Toplička oblast,RS,RS22
NUTS,2024,1,SE1,Östra Sverige,SE,SE
NUTS,2024,2,SE11,Stockholm,SE,SE1
NUTS,2024,3,SE110,Stockholms län,SE,SE11
NUTS,2024,2,SE12,Östra Mellansverige,SE,SE1
NUTS,2024,3,SE121,Uppsala län,SE,SE12
NUTS,2024,3,SE122,Södermanlands län,SE,SE12
NUTS,2024,3,SE123,Östergötlands län,SE,SE12
NUTS,2024,3,SE124,Örebro län,SE,SE12
NUTS,2024,3,SE125,Västmanlands län,SE,SE12
NUTS,2024,1,SE2,Södra Sverige,SE,SE
NUTS,2024,2,SE21,Småland med öarna,SE,SE2
NUTS,2024,3,SE211,Jönköpings län,SE,SE21
NUTS,2024,3,SE212,Kronobergs län,SE,SE21
NUTS,2024,3,SE213,Kalmar län,SE,SE21
NUTS,2024,3,SE214,Gotlands län,SE,SE21
NUTS,2024,2,SE22,Sydsverige,SE,SE2
NUTS,2024,3,SE221,Blekinge län,SE,SE22
NUTS,2024,3,SE224,Skåne län,SE,SE22
NUTS,2024,2,SE23,Västsverige,SE,SE2
NUTS,2024,3,SE231,Hallands län,SE,SE23
NUTS,2024,3,SE232,Västra Götalands län,SE,SE23
NUTS,2024,1,SE3,Norra Sverige,SE,SE
NUTS,2024,2,SE31,Norra Mellansverige,SE,SE3
NUTS,2024,3,SE311,Värmlands län,SE,SE31
NUTS,2024,3,SE312,Dalarnas län,SE,SE31
NUTS,2024,3,SE313,Gävleborgs län,SE,SE31
NUTS,2024,2,SE32,Mellersta Norrland,SE,SE3
NUTS,2024,3,SE321,Västernorrlands län,SE,SE32
NUTS,2024,3,SE322,Jämtlands län,SE,SE32
NUTS,2024,2,SE33,Övre Norrland,SE,SE3
NUTS,2024,3,SE331,Västerbottens län,SE,SE33
NUTS,2024,3,SE332,Norrbottens län,SE,SE33
NUTS,2024,1,SI0,Slovenija,SI,SI
NUTS,2024,2,SI03,Vzhodna Slovenija,SI,SI0
NUTS,2024,3,SI031,Pomurska,SI,SI03
NUTS,2024,3,SI032,Podravska,SI,SI03
NUTS,2024,3,SI033,Koroška,SI,SI03
NUTS,2024,3,SI034,Savinjska,SI,SI03
NUTS,2024,3,SI035,Zasavska,SI,SI03
NUTS,2024,3,SI036,Posavska,SI,SI03
NUTS,2024,3,SI037,Jugovzhodna Slovenija,SI,SI03
NUTS,2024,3,SI038,Primorsko-notranjska,SI,SI03
NUTS,2024,2,SI04,Zahodna Slovenija,SI,SI0
NUTS,2024,3,SI041,Osrednjeslovenska,SI,SI04
NUTS,2024,3,SI042,Gorenjska,SI,SI04
NUTS,2024,3,SI043,Goriška,SI,SI04
NUTS,2024,3,SI044,Obalno-kraška,SI,SI04
NUTS,2024,1,SK0,Slovensko,SK,SK
NUTS,2024,2,SK01,Bratislavský kraj,SK,SK0
NUTS,2024,3,SK010,Bratislavský kraj,SK,SK01
NUTS,2024,2,SK02,Západné Slovensko,SK,SK0
NUTS,2024,3,SK021,Trnavský kraj,SK,SK02
NUTS,2024,3,SK022,Trenčiansky kraj,SK,SK02
NUTS,2024,3,SK023,Nitriansky kraj,SK,SK02
NUTS,2024,2,SK03,Stredné Slovensko,SK,SK0
NUTS,2024,3,SK031,Žilinský kraj,SK,SK03
NUTS,2024,3,SK032,Banskobystrický kraj,SK,SK03
NUTS,2024,2,SK04,Východné Slovensko,SK,SK0
NUTS,2024,3,SK041,Prešovský kraj,SK,SK04
NUTS,2024,3,SK042,Košický kraj,SK,SK04
NUTS,2024,1,TR1,İstanbul,TR,TR
NUTS,2024,2,TR10,İstanbul,TR,TR1
NUTS,2024,3,TR100,İstanbul,TR,TR10
NUTS,2024,1,TR2,Batı Marmara,TR,TR
NUTS,2024,2,TR21,"Tekirdağ, Edirne, Kırklareli",TR,TR2
NUTS,2024,3,TR211,Tekirdağ,TR,TR21
NUTS,2024,3,TR212,Edirne,TR,TR21
NUTS,2024,3,TR213,Kırklareli,TR,TR21
NUTS,2024,2,TR22,"Balıkesir, Çanakkale",TR,TR2
NUTS,2024,3,TR221,Balıkesir,TR,TR22
NUTS,2024,3,TR222,Çanakkale,TR,TR22
NUTS,2024,1,TR3,Ege,TR,TR
NUTS,2024,2,TR31,İzmir,TR,TR3
NUTS,2024,3,TR310,İzmir,TR,TR31
NUTS,2024,2,TR32,"Aydın, Denizli, Muğla",TR,TR3
NUTS,2024,3,TR321,Aydın,TR,TR32
NUTS,2024,3,TR322,Denizli,TR,TR32
NUTS,2024,3,TR323,Muğla,TR,TR32
NUTS,2024,2,TR33,"Manisa, Afyonkarahisar, Kütahya, Uşak",TR,TR3
NUTS,2024,3,TR331,Manisa,TR,TR33
NUTS,2024,3,TR332,Afyonkarahisar,TR,TR33
NUTS,2024,3,TR333,Kütahya,TR,TR33
NUTS,2024,3,TR334,Uşak,TR,TR33
NUTS,2024,1,TR4,Doğu Marmara,TR,TR
NUTS,2024,2,TR41,"Bursa, Eskişehir, Bilecik",TR,TR4
NUTS,2024,3,TR411,Bursa,TR,TR41
NUTS,2024,3,TR412,Eskişehir,TR,TR41
NUTS,2024,3,TR413,Bilecik,TR,TR41
NUTS,2024,2,TR42,"Kocaeli, Sakarya, Düzce, Bolu, Yalova",TR,TR4
NUTS,2024,3,TR421,Kocaeli,TR,TR42
NUTS,2024,3,TR422,Sakarya,TR,TR42
NUTS,2024,3,TR423,Düzce,TR,TR42
NUTS,2024,3,TR424,Bolu,TR,TR42
NUTS,2024,3,TR425,Yalova,TR,TR42
NUTS,2024,1,TR5,Batı Anadolu,TR,TR
NUTS,2024,2,TR51,Ankara,TR,TR5
NUTS,2024,3,TR510,Ankara,TR,TR51
NUTS,2024,2,TR52,"Konya, Karaman",TR,TR5
NUTS,2024,3,TR521,Konya,TR,TR52
NUTS,2024,3,TR522,Karaman,TR,TR52
NUTS,2024,1,TR6,Akdeniz,TR,TR
NUTS,2024,2,TR61,"Antalya, Isparta, Burdur",TR,TR6
NUTS,2024,3,TR611,Antalya,TR,TR61
NUTS,2024,3,TR612,Isparta,TR,TR61
NUTS,2024,3,TR613,Burdur,TR,TR61
NUTS,2024,2,TR62,"Adana, Mersin",TR,TR6
NUTS,2024,3,TR621,Adana,TR,TR62
NUTS,2024,3,TR622,Mersin,TR,TR62
NUTS,2024,2,TR63,"Hatay, Kahramanmaraş, Osmaniye",TR,TR6
NUTS,2024,3,TR631,Hatay,TR,TR63
NUTS,2024,3,TR632,Kahramanmaraş,TR,TR63
NUTS,2024,3,TR633,Osmaniye,TR,TR63
NUTS,2024,1,TR7,Orta Anadolu,TR,TR
NUTS,2024,2,TR71,"Kırıkkale, Aksaray, Niğde, Nevşehir, Kırşehir",TR,TR7
NUTS,2024,3,TR711,Kırıkkale,TR,TR71
NUTS,2024,3,TR712,Aksaray,TR,TR71
NUTS,2024,3,TR713,Niğde,TR,TR71
NUTS,2024,3,TR714,Nevşehir,TR,TR71
NUTS,2024,3,TR715,Kırşehir,TR,TR71
NUTS,2024,2,TR72,"Kayseri, Sivas, Yozgat",TR,TR7
NUTS,2024,3,TR721,Kayseri,TR,TR72
NUTS,2024,3,TR722,Sivas,TR,TR72
NUTS,2024,3,TR723,Yozgat,TR,TR72
NUTS,2024,1,TR8,Batı Karadeniz,TR,TR
NUTS,2024,2,TR81,"Zonguldak, Karabük, Bartın",TR,TR8
NUTS,2024,3,TR811,Zonguldak,TR,TR81
NUTS,2024,3,TR812,Karabük,TR,TR81
NUTS,2024,3,TR813,Bartın,TR,TR81
NUTS,2024,2,TR82,"Kastamonu, Çankırı, Sinop",TR,TR8
NUTS,2024,3,TR821,Kastamonu,TR,TR82
NUTS,2024,3,TR822,Çankırı,TR,TR82
NUTS,2024,3,TR823,Sinop,TR,TR82
NUTS,2024,2,TR83,"Samsun, Tokat, Çorum, Amasya",TR,TR8
NUTS,2024,3,TR831,Samsun,TR,TR83
NUTS,2024,3,TR832,Tokat,TR,TR83
NUTS,2024,3,TR833,Çorum,TR,TR83
NUTS,2024,3,TR834,Amasya,TR,TR83
NUTS,2024,1,TR9,Doğu Karadeniz,TR,TR
NUTS,2024,2,TR90,"Trabzon, Ordu, Giresun, Rize, Artvin, Gümüşhane",TR,TR9
NUTS,2024,3,TR901,Trabzon,TR,TR90
NUTS,2024,3,TR902,Ordu,TR,TR90
NUTS,2024,3,TR903,Giresun,TR,TR90
NUTS,2024,3,TR904,Rize,TR,TR90
NUTS,2024,3,TR905,Artvin,TR,TR90
NUTS,2024,3,TR906,Gümüşhane,TR,TR90
NUTS,2024,1,TRA,Kuzeydoğu Anadolu,TR,TR
NUTS,2024,2,TRA1,"Erzurum, Erzincan, Bayburt",TR,TRA
NUTS,2024,3,TRA11,Erzurum,TR,TRA1
NUTS,2024,3,TRA12,Erzincan,TR,TRA1
NUTS,2024,3,TRA13,Bayburt,TR,TRA1
NUTS,2024,2,TRA2,"Ağrı, Kars, Iğdır, Ardahan",TR,TRA
NUTS,2024,3,TRA21,Ağrı,TR,TRA2
NUTS,2024,3,TRA22,Kars,TR,TRA2
NUTS,2024,3,TRA23,Iğdır,TR,TRA2
NUTS,2024,3,TRA24,Ardahan,TR,TRA2
NUTS,2024,1,TRB,Ortadoğu Anadolu,TR,TR
NUTS,2024,2,TRB1,"Malatya, Elazığ, Bingöl, Tunceli",TR,TRB
NUTS,2024,3,TRB11,Malatya,TR,TRB1
NUTS,2024,3,TRB12,Elazığ,TR,TRB1
NUTS,2024,3,TRB13,Bingöl,TR,TRB1
NUTS,2024,3,TRB14,Tunceli,TR,TRB1
NUTS,2024,2,TRB2,"Van, Muş, Bitlis, Hakkari",TR,TRB
NUTS,2024,3,TRB21,Van,TR,TRB2
NUTS,2024,3,TRB22,Muş,TR,TRB2
NUTS,2024,3,TRB23,Bitlis,TR,TRB2
NUTS,2024,3,TRB24,Hakkari,TR,TRB2
NUTS,2024,1,TRC,Güneydoğu Anadolu,TR,TR
NUTS,2024,2,TRC1,"Gaziantep, Adıyaman, Kilis",TR,TRC
NUTS,2024,3,TRC11,Gaziantep,TR,TRC1
NUTS,2024,3,TRC12,Adıyaman,TR,TRC1
NUTS,2024,3,TRC13,Kilis,TR,TRC1
NUTS,2024,2,TRC2,"Şanlıurfa, Diyarbakır",TR,TRC
NUTS,2024,3,TRC21,Şanlıurfa,TR,TRC2
NUTS,2024,3,TRC22,Diyarbakır,TR,TRC2
NUTS,2024,2,TRC3,"Mardin, Batman, Şırnak, Siirt",TR,TRC
NUTS,2024,3,TRC31,Mardin,TR,TRC3
NUTS,2024,3,TRC32,Batman,TR,TRC3
NUTS,2024,3,TRC33,Şırnak,TR,TRC3
NUTS,2024,3,TRC34,Siirt,TR,TRC3
NUTS,2024,1,UA1,Macroregion_01,UA,UA
NUTS,2024,2,UA11,Poltavska Oblast,UA,UA1
NUTS,2024,3,UA111,Kremenchutskyi Raion,UA,UA11
NUTS,2024,3,UA112,Lubenskyi Raion,UA,UA11
NUTS,2024,3,UA113,Myrhorodskyi Raion,UA,UA11
NUTS,2024,3,UA114,Poltavskyi Raion,UA,UA11
NUTS,2024,2,UA12,Sumska Oblast,UA,UA1
NUTS,2024,3,UA121,Konotopskyi Raion,UA,UA12
NUTS,2024,3,UA122,Okhtyrskyi Raion,UA,UA12
NUTS,2024,3,UA123,Romenskyi Raion,UA,UA12
NUTS,2024,3,UA124,Sumskyi Raion,UA,UA12
NUTS,2024,3,UA125,Shostkynskyi Raion,UA,UA12
NUTS,2024,2,UA13,Kharkivska Oblast,UA,UA1
NUTS,2024,3,UA131,Bohodukhivskyi Raion,UA,UA13
NUTS,2024,3,UA132,Iziumskyi Raion,UA,UA13
NUTS,2024,3,UA133,Krasnohradskyi Raion,UA,UA13
NUTS,2024,3,UA134,Kupianskyi Raion,UA,UA13
NUTS,2024,3,UA135,Lozivskyi Raion,UA,UA13
NUTS,2024,3,UA136,Kharkivskyi Raion,UA,UA13
NUTS,2024,3,UA137,Chuhuivskyi Raion,UA,UA13
NUTS,2024,2,UA14,Chernihivska Oblast,UA,UA1
NUTS,2024,3,UA141,Koriukivskyi Raion,UA,UA14
NUTS,2024,3,UA142,Nizhynskyi Raion,UA,UA14
NUTS,2024,3,UA143,Novhorod-Siverskyi Raion,UA,UA14
NUTS,2024,3,UA144,Prylutskyi Raion,UA,UA14
NUTS,2024,3,UA145,Chernihivskyi Raion,UA,UA14
NUTS,2024,1,UA2,Macroregion_02,UA,UA
NUTS,2024,2,UA21,Donetska Oblast,UA,UA2
NUTS,2024,3,UA211,Bakhmutskyi Raion,UA,UA21
NUTS,2024,3,UA212,Volnovaskyi Raion,UA,UA21
NUTS,2024,3,UA213,Horlivskyi Raion,UA,UA21
NUTS,2024,3,UA214,Donetskyi Raion,UA,UA21
NUTS,2024,3,UA215,Kalmiuskyi Raion,UA,UA21
NUTS,2024,3,UA216,Kramatorskyi Raion,UA,UA21
NUTS,2024,3,UA217,Mariupolskyi Raion,UA,UA21
NUTS,2024,3,UA218,Pokrovskyi Raion,UA,UA21
NUTS,2024,2,UA22,Luhanska Oblast,UA,UA2
NUTS,2024,3,UA221,Alchevskyi Raion,UA,UA22
NUTS,2024,3,UA222,Dovzhanskyi Raion,UA,UA22
NUTS,2024,3,UA223,Luhanskyi Raion,UA,UA22
NUTS,2024,3,UA224,Rovenkivskyi Raion,UA,UA22
NUTS,2024,3,UA225,Svativskyi Raion,UA,UA22
NUTS,2024,3,UA226,Sievierodonetskyi Raion,UA,UA22
NUTS,2024,3,UA227,Starobilskyi Raion,UA,UA22
NUTS,2024,3,UA228,Shchastynskyi Raion,UA,UA22
NUTS,2024,1,UA3,Macroregion_03,UA,UA
NUTS,2024,2,UA31,Dnipropetrovska Oblast,UA,UA3
NUTS,2024,3,UA311,Dniprovskyi Raion,UA,UA31
NUTS,2024,3,UA312,Kamianskyi Raion,UA,UA31
NUTS,2024,3,UA313,Kryvorizkyi Raion,UA,UA31
NUTS,2024,3,UA314,Nikopolskyi Raion,UA,UA31
NUTS,2024,3,UA315,Novomoskovskyi Raion,UA,UA31
NUTS,2024,3,UA316,Pavlohradskyi Raion,UA,UA31
NUTS,2024,3,UA317,Synelnykivskyi Raion,UA,UA31
NUTS,2024,2,UA32,Zaporizka Oblast,UA,UA3
NUTS,2024,3,UA321,Berdianskyi Raion,UA,UA32
NUTS,2024,3,UA322,Vasylivskyi Raion,UA,UA32
NUTS,2024,3,UA323,Zaporizkyi Raion,UA,UA32
NUTS,2024,3,UA324,Melitopolskyi Raion,UA,UA32
NUTS,2024,3,UA325,Polohivskyi Raion,UA,UA32
NUTS,2024,2,UA33,Kirovohradska Oblast,UA,UA3
NUTS,2024,3,UA331,Holovanivskyi Raion,UA,UA33
NUTS,2024,3,UA332,Kropyvnytskyi Raion,UA,UA33
NUTS,2024,3,UA333,Novoukrainskyi Raion,UA,UA33
NUTS,2024,3,UA334,Oleksandriiskyi Raion,UA,UA33
NUTS,2024,1,UA4,Macroregion_04,UA,UA
NUTS,2024,2,UA41,Mykolaivska Oblast,UA,UA4
NUTS,2024,3,UA411,Bashtanskyi Raion,UA,UA41
NUTS,2024,3,UA412,Voznesenskyi Raion,UA,UA41
NUTS,2024,3,UA413,Mykolaivskyi Raion,UA,UA41
NUTS,2024,3,UA414,Pervomaiskyi Raion,UA,UA41
NUTS,2024,2,UA42,Odeska Oblast,UA,UA4
NUTS,2024,3,UA421,Berezivskyi Raion,UA,UA42
NUTS,2024,3,UA422,Bilhorod-Dnistrovskyi Raion,UA,UA42
NUTS,2024,3,UA423,Bolhradskyi Raion,UA,UA42
NUTS,2024,3,UA424,Izmailskyi Raion,UA,UA42
NUTS,2024,3,UA425,Odeskyi Raion,UA,UA42
NUTS,2024,3,UA426,Podilskyi Raion,UA,UA42
NUTS,2024,3,UA427,Rozdilnianskyi Raion,UA,UA42
NUTS,2024,2,UA43,Khersonska Oblast,UA,UA4
NUTS,2024,3,UA431,Beryslavskyi Raion,UA,UA43
NUTS,2024,3,UA432,Henicheskyi Raion,UA,UA43
NUTS,2024,3,UA433,Kakhovskyi Raion,UA,UA43
NUTS,2024,3,UA434,Skadovskyi Raion,UA,UA43
NUTS,2024,3,UA435,Khersonskyi Raion,UA,UA43
NUTS,2024,2,UA44,Avtonomna Respublika Krym,UA,UA4
NUTS,2024,3,UA441,Bakhchysaraiskyi Raion,UA,UA44
NUTS,2024,3,UA442,Bilohirskyi Raion,UA,UA44
NUTS,2024,3,UA443,Dzhankoiskyi Raion,UA,UA44
NUTS,2024,3,UA444,Ievpatoriiskyi Raion,UA,UA44
NUTS,2024,3,UA445,Kerchenskyi Raion,UA,UA44
NUTS,2024,3,UA446,Kurmanskyi Raion,UA,UA44
NUTS,2024,3,UA447,Perekopskyi Raion,UA,UA44
NUTS,2024,3,UA448,Simferopolskyi Raion,UA,UA44
NUTS,2024,3,UA449,Feodosiiskyi Raion,UA,UA44
NUTS,2024,3,UA44A,Ialtynskyi Raion,UA,UA44
NUTS,2024,2,UA45,M. Sevastopol,UA,UA4
NUTS,2024,3,UA450,M. Sevastopol,UA,UA45
NUTS,2024,1,UA5,Macroregion_05,UA,UA
NUTS,2024,2,UA51,Vinnytska Oblast,UA,UA5
NUTS,2024,3,UA511,Vinnytskyi Raion,UA,UA51
NUTS,2024,3,UA512,Haisynskyi Raion,UA,UA51
NUTS,2024,3,UA513,Zhmerynskyi Raion,UA,UA51
NUTS,2024,3,UA514,Mohyliv-Podilskyi Raion,UA,UA51
NUTS,2024,3,UA515,Tulchynskyi Raion,UA,UA51
NUTS,2024,3,UA516,Khmilnytskyi Raion,UA,UA51
NUTS,2024,2,UA52,Ternopilska Oblast,UA,UA5
NUTS,2024,3,UA521,Kremenetskyi Raion,UA,UA52
NUTS,2024,3,UA522,Ternopilskyi Raion,UA,UA52
NUTS,2024,3,UA523,Chortkivskyi Raion,UA,UA52
NUTS,2024,2,UA53,Khmelnytska Oblast,UA,UA5
NUTS,2024,3,UA531,Kamianets-Podilskyi Raion,UA,UA53
NUTS,2024,3,UA532,Khmelnytskyi Raion,UA,UA53
NUTS,2024,3,UA533,Shepetivskyi Raion,UA,UA53
NUTS,2024,1,UA6,Macroregion_06,UA,UA
NUTS,2024,2,UA61,Kyivska Oblast,UA,UA6
NUTS,2024,3,UA611,Bilotserkivskyi Raion,UA,UA61
NUTS,2024,3,UA612,Boryspilskyi Raion,UA,UA61
NUTS,2024,3,UA613,Brovarskyi Raion,UA,UA61
NUTS,2024,3,UA614,Buchanskyi Raion,UA,UA61
NUTS,2024,3,UA615,Vyshhorodskyi Raion,UA,UA61
NUTS,2024,3,UA616,Obukhivskyi Raion,UA,UA61
NUTS,2024,3,UA617,Fastivskyi Raion,UA,UA61
NUTS,2024,2,UA62,Cherkaska Oblast,UA,UA6
NUTS,2024,3,UA621,Zvenyhorodskyi Raion,UA,UA62
NUTS,2024,3,UA622,Zolotoniskyi Raion,UA,UA62
NUTS,2024,3,UA623,Umanskyi Raion,UA,UA62
NUTS,2024,3,UA624,Cherkaskyi Raion,UA,UA62
NUTS,2024,2,UA63,M. Kyiv,UA,UA6
NUTS,2024,3,UA630,M. Kyiv,UA,UA63
NUTS,2024,1,UA7,Macroregion_07,UA,UA
NUTS,2024,2,UA71,Zakarpatska Oblast,UA,UA7
NUTS,2024,3,UA711,Berehivskyi Raion,UA,UA71
NUTS,2024,3,UA712,Mukachivskyi Raion,UA,UA71
NUTS,2024,3,UA713,Rakhivskyi Raion,UA,UA71
NUTS,2024,3,UA714,Tiachivskyi Raion,UA,UA71
NUTS,2024,3,UA715,Uzhhorodskyi Raion,UA,UA71
NUTS,2024,3,UA716,Khustskyi Raion,UA,UA71
NUTS,2024,2,UA72,Ivano-Frankivska Oblast,UA,UA7
NUTS,2024,3,UA721,Verkhovynskyi Raion,UA,UA72
NUTS,2024,3,UA722,Ivano-Frankivskyi Raion,UA,UA72
NUTS,2024,3,UA723,Kaluskyi Raion,UA,UA72
NUTS,2024,3,UA724,Kolomyiskyi Raion,UA,UA72
NUTS,2024,3,UA725,Kosivskyi Raion,UA,UA72
NUTS,2024,3,UA726,Nadvirnianskyi Raion,UA,UA72
NUTS,2024,2,UA73,Lvivska Oblast,UA,UA7
NUTS,2024,3,UA731,Drohobytskyi Raion,UA,UA73
NUTS,2024,3,UA732,Zolochivskyi Raion,UA,UA73
NUTS,2024,3,UA733,Lvivskyi Raion,UA,UA73
NUTS,2024,3,UA734,Sambirskyi Raion,UA,UA73
NUTS,2024,3,UA735,Stryiskyi Raion,UA,UA73
NUTS,2024,3,UA736,Chervonohradskyi Raion,UA,UA73
NUTS,2024,3,UA737,Iavorivskyi Raion,UA,UA73
NUTS,2024,2,UA74,Chernivetska Oblast,UA,UA7
NUTS,2024,3,UA741,Vyzhnytskyi Raion,UA,UA74
NUTS,2024,3,UA742,Dnistrovskyi Raion,UA,UA74
NUTS,2024,3,UA743,Chernivetskyi Raion,UA,UA74
NUTS,2024,1,UA8,Macroregion_08,UA,UA
NUTS,2024,2,UA81,Volynska Oblast,UA,UA8
NUTS,2024,3,UA811,Volodymyrskyi Raion,UA,UA81
NUTS,2024,3,UA812,Kamin-Kashyrskyi Raion,UA,UA81
NUTS,2024,3,UA813,Kovelskyi Raion,UA,UA81
NUTS,2024,3,UA814,Lutskyi Raion,UA,UA81
NUTS,2024,2,UA82,Zhytomyrska Oblast,UA,UA8
NUTS,2024,3,UA821,Berdychivskyi Raion,UA,UA82
NUTS,2024,3,UA822,Zhytomyrskyi Raion,UA,UA82
NUTS,2024,3,UA823,Korostenskyi Raion,UA,UA82
NUTS,2024,3,UA824,Zviahelskyi Raion,UA,UA82
NUTS,2024,2,UA83,Rivnenska Oblast,UA,UA8
NUTS,2024,3,UA831,Varaskyi Raion,UA,UA83
NUTS,2024,3,UA832,Dubenskyi Raion,UA,UA83
NUTS,2024,3,UA833,Rivnenskyi Raion,UA,UA83
NUTS,2024,3,UA834,Sarnenskyi Raion,UA,UA83
NUTS,2024,1,UKC,North East (England),UK,UK
NUTS,2024,2,UKC1,Tees Valley and Durham,UK,UKC
NUTS,2024,3,UKC11,Hartlepool and Stockton-on-Tees,UK,UKC1
NUTS,2024,3,UKC12,South Teesside,UK,UKC1
NUTS,2024,3,UKC13,Darlington,UK,UKC1
NUTS,2024,3,UKC14,Durham CC,UK,UKC1
NUTS,2024,2,UKC2,Northumberland and Tyne and Wear,UK,UKC
NUTS,2024,3,UKC21,Northumberland,UK,UKC2
NUTS,2024,3,UKC22,Tyneside,UK,UKC2
NUTS,2024,3,UKC23,Sunderland,UK,UKC2
NUTS,2024,1,UKD,North West (England),UK,UK
NUTS,2024,2,UKD1,Cumbria,UK,UKD
NUTS,2024,3,UKD11,West Cumbria,UK,UKD1
NUTS,2024,3,UKD12,East Cumbria,UK,UKD1
NUTS,2024,2,UKD3,Greater Manchester,UK,UKD
NUTS,2024,3,UKD33,Manchester,UK,UKD3
NUTS,2024,3,UKD34,Greater Manchester South West,UK,UKD3
NUTS,2024,3,UKD35,Greater Manchester South East,UK,UKD3
NUTS,2024,3,UKD36,Greater Manchester North West,UK,UKD3
NUTS,2024,3,UKD37,Greater Manchester North East,UK,UKD3
NUTS,2024,2,UKD4,Lancashire,UK,UKD
NUTS,2024,3,UKD41,Blackburn with Darwen,UK,UKD4
NUTS,2024,3,UKD42,Blackpool,UK,UKD4
NUTS,2024,3,UKD44,Lancaster and Wyre,UK,UKD4
NUTS,2024,3,UKD45,Mid Lancashire,UK,UKD4
NUTS,2024,3,UKD46,East Lancashire,UK,UKD4
NUTS,2024,3,UKD47,Chorley and West Lancashire,UK,UKD4
NUTS,2024,2,UKD6,Cheshire,UK,UKD
NUTS,2024,3,UKD61,Warrington,UK,UKD6
NUTS,2024,3,UKD62,Cheshire East,UK,UKD6
NUTS,2024,3,UKD63,Cheshire West and Chester,UK,UKD6
NUTS,2024,2,UKD7,Merseyside,UK,UKD
NUTS,2024,3,UKD71,East Merseyside,UK,UKD7
NUTS,2024,3,UKD72,Liverpool,UK,UKD7
NUTS,2024,3,UKD73,Sefton,UK,UKD7
NUTS,2024,3,UKD74,Wirral,UK,UKD7
NUTS,2024,1,UKE,Yorkshire and the Humber,UK,UK
NUTS,2024,2,UKE1,East Yorkshire and Northern Lincolnshire,UK,UKE
NUTS,2024,3,UKE11,"Kingston upon Hull, City of",UK,UKE1
NUTS,2024,3,UKE12,East Riding of Yorkshire,UK,UKE1
NUTS,2024,3,UKE13,North and North East Lincolnshire,UK,UKE1
NUTS,2024,2,UKE2,North Yorkshire,UK,UKE
NUTS,2024,3,UKE21,York,UK,UKE2
NUTS,2024,3,UKE22,North Yorkshire CC,UK,UKE2
NUTS,2024,2,UKE3,South Yorkshire,UK,UKE
NUTS,2024,3,UKE31,"Barnsley, Doncaster and Rotherham",UK,UKE3
NUTS,2024,3,UKE32,Sheffield,UK,UKE3
NUTS,2024,2,UKE4,West Yorkshire,UK,UKE
NUTS,2024,3,UKE41,Bradford,UK,UKE4
NUTS,2024,3,UKE42,Leeds,UK,UKE4
NUTS,2024,3,UKE44,Calderdale and Kirklees,UK,UKE4
NUTS,2024,3,UKE45,Wakefield,UK,UKE4
NUTS,2024,1,UKF,East Midlands (England),UK,UK
NUTS,2024,2,UKF1,Derbyshire and Nottinghamshire,UK,UKF
NUTS,2024,3,UKF11,Derby,UK,UKF1
NUTS,2024,3,UKF12,East Derbyshire,UK,UKF1
NUTS,2024,3,UKF13,South and West Derbyshire,UK,UKF1
NUTS,2024,3,UKF14,Nottingham,UK,UKF1
NUTS,2024,3,UKF15,North Nottinghamshire,UK,UKF1
NUTS,2024,3,UKF16,South Nottinghamshire,UK,UKF1
NUTS,2024,2,UKF2,"Leicestershire, Rutland and Northamptonshire",UK,UKF
NUTS,2024,3,UKF21,Leicester,UK,UKF2
NUTS,2024,3,UKF22,Leicestershire CC and Rutland,UK,UKF2
NUTS,2024,3,UKF24,West Northamptonshire,UK,UKF2
NUTS,2024,3,UKF25,North Northamptonshire,UK,UKF2
NUTS,2024,2,UKF3,Lincolnshire,UK,UKF
NUTS,2024,3,UKF30,Lincolnshire,UK,UKF3
NUTS,2024,1,UKG,West Midlands (England),UK,UK
NUTS,2024,2,UKG1,"Herefordshire, Worcestershire and Warwickshire",UK,UKG
NUTS,2024,3,UKG11,"Herefordshire, County of",UK,UKG1
NUTS,2024,3,UKG12,Worcestershire,UK,UKG1
NUTS,2024,3,UKG13,Warwickshire,UK,UKG1
NUTS,2024,2,UKG2,Shropshire and Staffordshire,UK,UKG
NUTS,2024,3,UKG21,Telford and Wrekin,UK,UKG2
NUTS,2024,3,UKG22,Shropshire CC,UK,UKG2
NUTS,2024,3,UKG23,Stoke-on-Trent,UK,UKG2
NUTS,2024,3,UKG24,Staffordshire CC,UK,UKG2
NUTS,2024,2,UKG3,West Midlands,UK,UKG
NUTS,2024,3,UKG31,Birmingham,UK,UKG3
NUTS,2024,3,UKG32,Solihull,UK,UKG3
NUTS,2024,3,UKG33,Coventry,UK,UKG3
NUTS,2024,3,UKG36,Dudley,UK,UKG3
NUTS,2024,3,UKG37,Sandwell,UK,UKG3
NUTS,2024,3,UKG38,Walsall,UK,UKG3
NUTS,2024,3,UKG39,Wolverhampton,UK,UKG3
NUTS,2024,1,UKH,East of England,UK,UK
NUTS,2024,2,UKH1,East Anglia,UK,UKH
NUTS,2024,3,UKH11,Peterborough,UK,UKH1
NUTS,2024,3,UKH12,Cambridgeshire CC,UK,UKH1
NUTS,2024,3,UKH14,Suffolk,UK,UKH1
NUTS,2024,3,UKH15,Norwich and East Norfolk,UK,UKH1
NUTS,2024,3,UKH16,North and West Norfolk,UK,UKH1
NUTS,2024,3,UKH17,Breckland and South Norfolk,UK,UKH1
NUTS,2024,2,UKH2,Bedfordshire and Hertfordshire,UK,UKH
NUTS,2024,3,UKH21,Luton,UK,UKH2
NUTS,2024,3,UKH23,Hertfordshire,UK,UKH2
NUTS,2024,3,UKH24,Bedford,UK,UKH2
NUTS,2024,3,UKH25,Central Bedfordshire,UK,UKH2
NUTS,2024,2,UKH3,Essex,UK,UKH
NUTS,2024,3,UKH31,Southend-on-Sea,UK,UKH3
NUTS,2024,3,UKH32,Thurrock,UK,UKH3
NUTS,2024,3,UKH34,Essex Haven Gateway,UK,UKH3
NUTS,2024,3,UKH35,West Essex,UK,UKH3
NUTS,2024,3,UKH36,Heart of Essex,UK,UKH3
NUTS,2024,3,UKH37,Essex Thames Gateway,UK,UKH3
NUTS,2024,1,UKI,London,UK,UK
NUTS,2024,2,UKI3,Inner London — West,UK,UKI
NUTS,2024,3,UKI31,Camden and City of London,UK,UKI3
NUTS,2024,3,UKI32,Westminster,UK,UKI3
NUTS,2024,3,UKI33,Kensington & Chelsea and Hammersmith & Fulham,UK,UKI3
NUTS,2024,3,UKI34,Wandsworth,UK,UKI3
NUTS,2024,2,UKI4,Inner London — East,UK,UKI
NUTS,2024,3,UKI41,Hackney and Newham,UK,UKI4
NUTS,2024,3,UKI42,Tower Hamlets,UK,UKI4
NUTS,2024,3,UKI43,Haringey and Islington,UK,UKI4
NUTS,2024,3,UKI44,Lewisham and Southwark,UK,UKI4
NUTS,2024,3,UKI45,Lambeth,UK,UKI4
NUTS,2024,2,UKI5,Outer London — East and North East,UK,UKI
NUTS,2024,3,UKI51,Bexley and Greenwich,UK,UKI5
NUTS,2024,3,UKI52,Barking & Dagenham and Havering,UK,UKI5
NUTS,2024,3,UKI53,Redbridge and Waltham Forest,UK,UKI5
NUTS,2024,3,UKI54,Enfield,UK,UKI5
NUTS,2024,2,UKI6,Outer London — South,UK,UKI
NUTS,2024,3,UKI61,Bromley,UK,UKI6
NUTS,2024,3,UKI62,Croydon,UK,UKI6
NUTS,2024,3,UKI63,"Merton, Kingston upon Thames and Sutton",UK,UKI6
NUTS,2024,2,UKI7,Outer London — West and North West,UK,UKI
NUTS,2024,3,UKI71,Barnet,UK,UKI7
NUTS,2024,3,UKI72,Brent,UK,UKI7
NUTS,2024,3,UKI73,Ealing,UK,UKI7
NUTS,2024,3,UKI74,Harrow and Hillingdon,UK,UKI7
NUTS,2024,3,UKI75,Hounslow and Richmond upon Thames,UK,UKI7
NUTS,2024,1,UKJ,South East (England),UK,UK
NUTS,2024,2,UKJ1,"Berkshire, Buckinghamshire and Oxfordshire",UK,UKJ
NUTS,2024,3,UKJ11,Berkshire,UK,UKJ1
NUTS,2024,3,UKJ12,Milton Keynes,UK,UKJ1
NUTS,2024,3,UKJ13,Buckinghamshire CC,UK,UKJ1
NUTS,2024,3,UKJ14,Oxfordshire,UK,UKJ1
NUTS,2024,2,UKJ2,"Surrey, East and West Sussex",UK,UKJ
NUTS,2024,3,UKJ21,Brighton and Hove,UK,UKJ2
NUTS,2024,3,UKJ22,East Sussex CC,UK,UKJ2
NUTS,2024,3,UKJ25,West Surrey,UK,UKJ2
NUTS,2024,3,UKJ26,East Surrey,UK,UKJ2
NUTS,2024,3,UKJ27,West Sussex (South West),UK,UKJ2
NUTS,2024,3,UKJ28,West Sussex (North East),UK,UKJ2
NUTS,2024,2,UKJ3,Hampshire and Isle of Wight,UK,UKJ
NUTS,2024,3,UKJ31,Portsmouth,UK,UKJ3
NUTS,2024,3,UKJ32,Southampton,UK,UKJ3
NUTS,2024,3,UKJ34,Isle of Wight,UK,UKJ3
NUTS,2024,3,UKJ35,South Hampshire,UK,UKJ3
NUTS,2024,3,UKJ36,Central Hampshire,UK,UKJ3
NUTS,2024,3,UKJ37,North Hampshire,UK,UKJ3
NUTS,2024,2,UKJ4,Kent,UK,UKJ
NUTS,2024,3,UKJ41,Medway,UK,UKJ4
NUTS,2024,3,UKJ43,Kent Thames Gateway,UK,UKJ4
NUTS,2024,3,UKJ44,East Kent,UK,UKJ4
NUTS,2024,3,UKJ45,Mid Kent,UK,UKJ4
NUTS,2024,3,UKJ46,West Kent,UK,UKJ4
NUTS,2024,1,UKK,South West (England),UK,UK
NUTS,2024,2,UKK1,"Gloucestershire, Wiltshire and Bristol/Bath area",UK,UKK
NUTS,2024,3,UKK11,"Bristol, City of",UK,UKK1
NUTS,2024,3,UKK12,"Bath and North East Somerset, North Somerset and South Gloucestershire",UK,UKK1
NUTS,2024,3,UKK13,Gloucestershire,UK,UKK1
NUTS,2024,3,UKK14,Swindon,UK,UKK1
NUTS,2024,3,UKK15,Wiltshire CC,UK,UKK1
NUTS,2024,2,UKK2,Dorset and Somerset,UK,UKK
NUTS,2024,3,UKK23,Somerset,UK,UKK2
NUTS,2024,3,UKK24,"Bournemouth, Christchurch and Poole",UK,UKK2
NUTS,2024,3,UKK25,Dorset,UK,UKK2
NUTS,2024,2,UKK3,Cornwall and Isles of Scilly,UK,UKK
NUTS,2024,3,UKK30,Cornwall and Isles of Scilly,UK,UKK3
NUTS,2024,2,UKK4,Devon,UK,UKK
NUTS,2024,3,UKK41,Plymouth,UK,UKK4
NUTS,2024,3,UKK42,Torbay,UK,UKK4
NUTS,2024,3,UKK43,Devon CC,UK,UKK4
NUTS,2024,1,UKL,Wales,UK,UK
NUTS,2024,2,UKL1,West Wales and The Valleys,UK,UKL
NUTS,2024,3,UKL11,Isle of Anglesey,UK,UKL1
NUTS,2024,3,UKL12,Gwynedd,UK,UKL1
NUTS,2024,3,UKL13,Conwy and Denbighshire,UK,UKL1
NUTS,2024,3,UKL14,South West Wales,UK,UKL1
NUTS,2024,3,UKL15,Central Valleys,UK,UKL1
NUTS,2024,3,UKL16,Gwent Valleys,UK,UKL1
NUTS,2024,3,UKL17,Bridgend and Neath Port Talbot,UK,UKL1
NUTS,2024,3,UKL18,Swansea,UK,UKL1
NUTS,2024,2,UKL2,East Wales,UK,UKL
NUTS,2024,3,UKL21,Monmouthshire and Newport,UK,UKL2
NUTS,2024,3,UKL22,Cardiff and Vale of Glamorgan,UK,UKL2
NUTS,2024,3,UKL23,Flintshire and Wrexham,UK,UKL2
NUTS,2024,3,UKL24,Powys,UK,UKL2
NUTS,2024,1,UKM,Scotland,UK,UK
NUTS,2024,2,UKM5,North Eastern Scotland,UK,UKM
NUTS,2024,3,UKM50,Aberdeen City and Aberdeenshire,UK,UKM5
NUTS,2024,2,UKM6,Highlands and Islands,UK,UKM
NUTS,2024,3,UKM61,Caithness & Sutherland and Ross & Cromarty,UK,UKM6
NUTS,2024,3,UKM62,"Inverness & Nairn and Moray, Badenoch & Strathspey",UK,UKM6
NUTS,2024,3,UKM63,"Lochaber, Skye & Lochalsh, Arran & Cumbrae and Argyll & Bute",UK,UKM6
NUTS,2024,3,UKM64,Na h-Eileanan Siar (Western Isles),UK,UKM6
NUTS,2024,3,UKM65,Orkney Islands,UK,UKM6
NUTS,2024,3,UKM66,Shetland Islands,UK,UKM6
NUTS,2024,2,UKM7,Eastern Scotland,UK,UKM
NUTS,2024,3,UKM71,Angus and Dundee City,UK,UKM7
NUTS,2024,3,UKM72,Clackmannanshire and Fife,UK,UKM7
NUTS,2024,3,UKM73,East Lothian and Midlothian,UK,UKM7
NUTS,2024,3,UKM75,"Edinburgh, City of",UK,UKM7
NUTS,2024,3,UKM76,Falkirk,UK,UKM7
NUTS,2024,3,UKM77,Perth & Kinross and Stirling,UK,UKM7
NUTS,2024,3,UKM78,West Lothian,UK,UKM7
NUTS,2024,2,UKM8,West Central Scotland,UK,UKM
NUTS,2024,3,UKM81,"East Dunbartonshire, West Dunbartonshire and Helensburgh & Lomond",UK,UKM8
NUTS,2024,3,UKM82,Glasgow City,UK,UKM8
NUTS,2024,3,UKM83,"Inverclyde, East Renfrewshire and Renfrewshire",UK,UKM8
NUTS,2024,3,UKM84,North Lanarkshire,UK,UKM8
NUTS,2024,2,UKM9,Southern Scotland,UK,UKM
NUTS,2024,3,UKM91,Scottish Borders,UK,UKM9
NUTS,2024,3,UKM92,Dumfries & Galloway,UK,UKM9
NUTS,2024,3,UKM93,East Ayrshire and North Ayrshire mainland,UK,UKM9
NUTS,2024,3,UKM94,South Ayrshire,UK,UKM9
NUTS,2024,3,UKM95,South Lanarkshire,UK,UKM9
NUTS,2024,1,UKN,Northern Ireland,UK,UK
NUTS,2024,2,UKN0,Northern Ireland,UK,UKN
NUTS,2024,3,UKN06,Belfast,UK,UKN0
NUTS,2024,3,UKN07,"Armagh City, Banbridge and Craigavon",UK,UKN0
NUTS,2024,3,UKN08,"Newry, Mourne and Down",UK,UKN0
NUTS,2024,3,UKN09,Ards and North Down,UK,UKN0
NUTS,2024,3,UKN0A,Derry City and Strabane,UK,UKN0
NUTS,2024,3,UKN0B,Mid Ulster,UK,UKN0
NUTS,2024,3,UKN0C,Causeway Coast and Glens,UK,UKN0
NUTS,2024,3,UKN0D,Antrim and Newtownabbey,UK,UKN0
NUTS,2024,3,UKN0E,Lisburn and Castlereagh,UK,UKN0
NUTS,2024,3,UKN0F,Mid and East Antrim,UK,UKN0
NUTS,2024,3,UKN0G,Fermanagh and Omagh,UK,UKN0
NUTS,2024,1,XK0,Kosovo,XK,XK
NUTS,2024,2,XK00,Kosovo,XK,XK0
NUTS,2024,3,XK001,Prishtinë,XK,XK00
NUTS,2024,3,XK002,Mitrovicë,XK,XK00
NUTS,2024,3,XK003,Pejë,XK,XK00
NUTS,2024,3,XK004,Prizren,XK,XK00
NUTS,2024,3,XK005,Ferizaj,XK,XK00
NUTS,2024,3,XK006,Gjilan,XK,XK00
NUTS,2024,3,XK007,Gjakovë,XK,XK00
